index,dataset,difficulty,M1,M2,M3,M4,M5,M6,M7,M8,M9
/home/changshu/CODEMIND/scripts/swebench/dataset_plot/scikit-learn__scikit-learn-25589@@sklearn.preprocessing._encoders.py@@transform.py,swebench,difficult,74,35,53,31,33,16,13,78,27
/home/changshu/CODEMIND/scripts/swebench/dataset_plot/sympy__sympy-17770@@sympy.functions.elementary.hyperbolic.py@@_eval_is_finite.py,swebench,easy,2,0,0,0,0,0,0,1,0
/home/changshu/CODEMIND/scripts/swebench/dataset_plot/sympy__sympy-21864@@sympy.utilities.iterables.py@@multiset_permutations.py,swebench,difficult,16,9,10,13,3,0,1,11,10
/home/changshu/CODEMIND/scripts/swebench/dataset_plot/sympy__sympy-12489@@sympy.combinatorics.permutations.py@@__invert__.py,swebench,easy,3,0,0,0,0,0,0,9,0
/home/changshu/CODEMIND/scripts/swebench/dataset_plot/scikit-learn__scikit-learn-11333@@sklearn.utils.metaestimators.py@@_set_params.py,swebench,difficult,17,6,5,5,3,0,1,14,3
/home/changshu/CODEMIND/scripts/swebench/dataset_plot/django__django-16662@@django.db.migrations.writer.py@@as_string.py,swebench,difficult,14,2,2,6,1,3,2,13,2
/home/changshu/CODEMIND/scripts/swebench/dataset_plot/sympy__sympy-18633@@sympy.tensor.toperators.py@@_expand_partial_derivative.py,swebench,difficult,22,3,10,13,6,0,1,20,5
/home/changshu/CODEMIND/scripts/swebench/dataset_plot/django__django-16343@@django.core.signing.py@@dumps.py,swebench,easy,2,0,0,0,0,1,0,2,0
/home/changshu/CODEMIND/scripts/swebench/dataset_plot/scikit-learn__scikit-learn-13628@@sklearn.metrics.ranking.py@@precision_recall_curve.py,swebench,easy,1,0,0,0,1,0,0,7,0
/home/changshu/CODEMIND/scripts/swebench/dataset_plot/astropy__astropy-8519@@astropy.units.function.core.py@@to.py,swebench,difficult,12,3,2,4,0,1,3,13,2
/home/changshu/CODEMIND/scripts/swebench/dataset_plot/scikit-learn__scikit-learn-14764@@sklearn.datasets.samples_generator.py@@make_classification.py,swebench,difficult,15,13,4,4,7,2,0,22,4
/home/changshu/CODEMIND/scripts/swebench/dataset_plot/django__django-11323@@django.forms.widgets.py@@get_context.py,swebench,difficult,17,3,1,4,2,4,0,29,4
/home/changshu/CODEMIND/scripts/swebench/dataset_plot/django__django-12193@@django.forms.widgets.py@@get_context.py,swebench,easy,5,0,0,0,0,0,0,6,0
/home/changshu/CODEMIND/scripts/swebench/dataset_plot/sympy__sympy-13265@@sympy.simplify.trigsimp.py@@exptrigsimp.py,swebench,difficult,19,10,11,10,10,0,3,18,2
/home/changshu/CODEMIND/scripts/swebench/dataset_plot/sympy__sympy-14038@@sympy.concrete.products.py@@_eval_product.py,swebench,difficult,26,12,12,4,10,0,4,24,4
/home/changshu/CODEMIND/scripts/swebench/dataset_plot/scikit-learn__scikit-learn-11042@@sklearn.preprocessing.data.py@@transform.py,swebench,difficult,13,11,4,4,20,2,1,16,4
/home/changshu/CODEMIND/scripts/swebench/dataset_plot/sympy__sympy-13962@@sympy.printing.str.py@@sstr.py,swebench,easy,1,0,0,0,0,0,0,2,0
/home/changshu/CODEMIND/scripts/swebench/dataset_plot/pydata__xarray-4339@@xarray.core.accessor_str.py@@len.py,swebench,easy,3,0,0,0,0,0,0,3,0
/home/changshu/CODEMIND/scripts/swebench/dataset_plot/django__django-14915@@django.forms.models.py@@__hash__.py,swebench,easy,3,0,0,0,0,0,0,2,0
/home/changshu/CODEMIND/scripts/swebench/dataset_plot/django__django-13066@@django.contrib.auth.hashers.py@@verify.py,swebench,easy,9,0,0,0,0,0,0,9,0
/home/changshu/CODEMIND/scripts/swebench/dataset_plot/django__django-15423@@django.utils.functional.py@@new_method_proxy.py,swebench,easy,4,1,0,0,0,0,0,1,0
/home/changshu/CODEMIND/scripts/swebench/dataset_plot/django__django-12276@@django.forms.widgets.py@@use_required_attribute.py,swebench,easy,3,0,0,0,0,0,0,6,0
/home/changshu/CODEMIND/scripts/swebench/dataset_plot/pydata__xarray-4339@@xarray.core.accessor_str.py@@contains.py,swebench,difficult,11,4,2,8,2,1,3,10,2
/home/changshu/CODEMIND/scripts/swebench/dataset_plot/sympy__sympy-16088@@sympy.core.exprtools.py@@factor_terms.py,swebench,difficult,12,6,6,8,8,0,5,14,5
/home/changshu/CODEMIND/scripts/swebench/dataset_plot/matplotlib__matplotlib-24403@@lib.matplotlib.axes._axes.py@@_parse_scatter_color_args.py,swebench,difficult,15,15,7,5,9,3,2,19,3
/home/changshu/CODEMIND/scripts/swebench/dataset_plot/scikit-learn__scikit-learn-14706@@sklearn.kernel_approximation.py@@_get_kernel_params.py,swebench,difficult,11,5,3,0,6,6,2,15,0
/home/changshu/CODEMIND/scripts/swebench/dataset_plot/sympy__sympy-21567@@sympy.functions.elementary.hyperbolic.py@@_eval_expand_trig.py,swebench,easy,2,0,0,0,0,0,0,3,0
/home/changshu/CODEMIND/scripts/swebench/dataset_plot/scikit-learn__scikit-learn-11346@@sklearn.linear_model.omp.py@@orthogonal_mp_gram.py,swebench,difficult,13,10,4,2,5,1,0,16,2
/home/changshu/CODEMIND/scripts/swebench/dataset_plot/sphinx-doc__sphinx-9658@@sphinx.ext.autodoc.mock.py@@_make_subclass.py,swebench,easy,2,0,0,0,1,0,0,2,0
/home/changshu/CODEMIND/scripts/swebench/dataset_plot/django__django-15752@@django.contrib.auth.base_user.py@@make_random_password.py,swebench,easy,2,0,0,0,1,1,0,0,0
/home/changshu/CODEMIND/scripts/swebench/dataset_plot/sphinx-doc__sphinx-10551@@sphinx.pycode.ast.py@@visit_UnaryOp.py,swebench,easy,3,0,0,0,0,0,0,0,0
/home/changshu/CODEMIND/scripts/swebench/dataset_plot/django__django-15268@@django.db.migrations.operations.models.py@@can_reduce_through.py,swebench,easy,2,0,0,0,0,0,0,1,0
/home/changshu/CODEMIND/scripts/swebench/dataset_plot/sympy__sympy-13678@@sympy.functions.elementary.hyperbolic.py@@_eval_is_real.py,swebench,easy,3,0,0,0,0,0,0,0,0
/home/changshu/CODEMIND/scripts/swebench/dataset_plot/scikit-learn__scikit-learn-11315@@sklearn.utils.metaestimators.py@@_get_params.py,swebench,difficult,16,6,5,4,3,0,1,13,2
/home/changshu/CODEMIND/scripts/swebench/dataset_plot/sympy__sympy-21586@@sympy.core.sympify.py@@sympify.py,swebench,difficult,15,14,14,3,4,2,3,14,1
/home/changshu/CODEMIND/scripts/swebench/dataset_plot/scikit-learn__scikit-learn-14520@@sklearn.feature_extraction.text.py@@transform.py,swebench,difficult,27,3,1,22,2,1,6,3,2
/home/changshu/CODEMIND/scripts/swebench/dataset_plot/scikit-learn__scikit-learn-26323@@sklearn.compose._column_transformer.py@@set_output.py,swebench,difficult,73,31,25,53,21,23,24,63,34
/home/changshu/CODEMIND/scripts/swebench/dataset_plot/sympy__sympy-14070@@sympy.simplify.simplify.py@@f.py,swebench,difficult,21,11,14,10,14,0,4,16,9
/home/changshu/CODEMIND/scripts/swebench/dataset_plot/astropy__astropy-13417@@astropy.io.fits.fitsrec.py@@_convert_other.py,swebench,difficult,186,79,90,30,53,14,22,85,14
/home/changshu/CODEMIND/scripts/swebench/dataset_plot/django__django-11618@@django.contrib.staticfiles.storage.py@@read_manifest.py,swebench,easy,5,0,0,0,0,0,0,6,0
/home/changshu/CODEMIND/scripts/swebench/dataset_plot/matplotlib__matplotlib-25405@@lib.matplotlib.ticker.py@@tick_values.py,swebench,difficult,19,12,10,5,21,0,0,16,5
/home/changshu/CODEMIND/scripts/swebench/dataset_plot/sympy__sympy-13265@@sympy.simplify.simplify.py@@simplify.py,swebench,difficult,31,13,5,9,27,0,9,13,1
/home/changshu/CODEMIND/scripts/swebench/dataset_plot/scikit-learn__scikit-learn-13143@@sklearn.metrics.classification.py@@precision_score.py,swebench,easy,1,0,0,0,0,0,0,2,0
/home/changshu/CODEMIND/scripts/swebench/dataset_plot/scikit-learn__scikit-learn-15120@@sklearn.cluster.mean_shift_.py@@mean_shift.py,swebench,easy,1,0,0,0,0,0,0,1,0
/home/changshu/CODEMIND/scripts/swebench/dataset_plot/astropy__astropy-14253@@astropy.units.quantity.py@@_new_view.py,swebench,difficult,28,17,8,6,1,7,3,21,4
/home/changshu/CODEMIND/scripts/swebench/dataset_plot/sympy__sympy-15222@@sympy.core.function.py@@_eval_evalf.py,swebench,difficult,14,1,0,3,2,1,1,9,2
/home/changshu/CODEMIND/scripts/swebench/dataset_plot/django__django-15731@@django.db.models.manager.py@@create_method.py,swebench,difficult,27,3,3,9,4,1,4,12,1
/home/changshu/CODEMIND/scripts/swebench/dataset_plot/sympy__sympy-13177@@sympy.core.mod.py@@doit.py,swebench,difficult,35,18,15,6,6,0,2,15,4
/home/changshu/CODEMIND/scripts/swebench/dataset_plot/scikit-learn__scikit-learn-13618@@sklearn.linear_model.bayes.py@@fit.py,swebench,difficult,18,8,4,0,32,2,4,32,0
/home/changshu/CODEMIND/scripts/swebench/dataset_plot/scikit-learn__scikit-learn-25102@@sklearn.feature_selection._base.py@@transform.py,swebench,difficult,8,3,1,4,9,6,6,10,2
/home/changshu/CODEMIND/scripts/swebench/dataset_plot/sympy__sympy-15011@@sympy.utilities.lambdify.py@@_preprocess.py,swebench,difficult,17,3,5,6,10,0,8,29,4
/home/changshu/CODEMIND/scripts/swebench/dataset_plot/sympy__sympy-13031@@sympy.matrices.sparse.py@@row_join.py,swebench,difficult,13,3,7,3,2,1,1,8,1
/home/changshu/CODEMIND/scripts/swebench/dataset_plot/scikit-learn__scikit-learn-25752@@sklearn.cluster._kmeans.py@@fit.py,swebench,difficult,22,8,4,3,4,10,1,20,3
/home/changshu/CODEMIND/scripts/swebench/dataset_plot/astropy__astropy-13838@@astropy.table.pprint.py@@_pformat_col_iter.py,swebench,difficult,29,15,4,9,5,2,4,34,5
/home/changshu/CODEMIND/scripts/swebench/dataset_plot/sympy__sympy-21432@@sympy.simplify.powsimp.py@@powdenest.py,swebench,difficult,11,3,8,5,8,0,4,8,1
/home/changshu/CODEMIND/scripts/swebench/dataset_plot/django__django-11334@@django.template.library.py@@dec.py,swebench,difficult,22,9,8,4,6,0,9,15,0
/home/changshu/CODEMIND/scripts/swebench/dataset_plot/django__django-12486@@django.utils.numberformat.py@@format.py,swebench,difficult,19,10,11,3,3,1,1,16,1
/home/changshu/CODEMIND/scripts/swebench/dataset_plot/django__django-12700@@django.views.debug.py@@cleanse_setting.py,swebench,difficult,44,13,27,6,1,2,11,17,4
/home/changshu/CODEMIND/scripts/swebench/dataset_plot/scikit-learn__scikit-learn-15119@@sklearn.pipeline.py@@fit.py,swebench,difficult,17,8,3,10,12,0,10,16,5
/home/changshu/CODEMIND/scripts/swebench/dataset_plot/sphinx-doc__sphinx-7462@@sphinx.pycode.ast.py@@unparse.py,swebench,difficult,31,3,2,13,0,0,19,9,3
/home/changshu/CODEMIND/scripts/swebench/dataset_plot/scikit-learn__scikit-learn-10577@@sklearn.datasets.samples_generator.py@@make_blobs.py,swebench,difficult,13,4,4,4,5,3,0,15,4
/home/changshu/CODEMIND/scripts/swebench/dataset_plot/sphinx-doc__sphinx-11503@@sphinx.builders.linkcheck.py@@_check_uri.py,swebench,difficult,40,13,14,1,12,2,3,34,1
/home/changshu/CODEMIND/scripts/swebench/dataset_plot/scikit-learn__scikit-learn-14983@@sklearn.model_selection._split.py@@_build_repr.py,swebench,difficult,6,4,2,3,4,1,0,11,3
/home/changshu/CODEMIND/scripts/swebench/dataset_plot/scikit-learn__scikit-learn-11160@@sklearn.metrics.classification.py@@classification_report.py,swebench,difficult,8,3,2,5,6,1,0,22,3
/home/changshu/CODEMIND/scripts/swebench/dataset_plot/scikit-learn__scikit-learn-25589@@sklearn.preprocessing._encoders.py@@_map_drop_idx_to_infrequent.py,swebench,difficult,74,35,53,31,33,16,13,78,27
/home/changshu/CODEMIND/scripts/swebench/dataset_plot/pydata__xarray-7400@@xarray.core.concat.py@@_calc_concat_over.py,swebench,difficult,21,18,52,6,0,0,2,15,4
/home/changshu/CODEMIND/scripts/swebench/dataset_plot/sympy__sympy-12088@@sympy.simplify.simplify.py@@nsimplify.py,swebench,difficult,65,12,2,4,11,0,2,16,4
/home/changshu/CODEMIND/scripts/swebench/dataset_plot/django__django-13551@@django.contrib.auth.tokens.py@@_make_hash_value.py,swebench,easy,2,0,0,0,0,0,0,7,0
/home/changshu/CODEMIND/scripts/swebench/dataset_plot/sympy__sympy-13031@@sympy.matrices.sparse.py@@col_join.py,swebench,difficult,13,3,7,3,2,1,1,8,1
/home/changshu/CODEMIND/scripts/swebench/dataset_plot/sympy__sympy-15232@@sympy.core.exprtools.py@@_mask_nc.py,swebench,difficult,12,6,3,6,6,0,1,15,2
/home/changshu/CODEMIND/scripts/swebench/dataset_plot/scikit-learn__scikit-learn-14544@@sklearn.compose._column_transformer.py@@transform.py,swebench,difficult,50,25,11,28,17,9,19,34,16
/home/changshu/CODEMIND/scripts/swebench/dataset_plot/scikit-learn__scikit-learn-12758@@sklearn.metrics.classification.py@@classification_report.py,swebench,difficult,15,6,6,7,3,2,0,35,5
/home/changshu/CODEMIND/scripts/swebench/dataset_plot/pydata__xarray-5126@@xarray.core.formatting.py@@_mapping_repr.py,swebench,difficult,8,5,3,8,5,1,0,16,8
/home/changshu/CODEMIND/scripts/swebench/dataset_plot/scikit-learn__scikit-learn-13779@@sklearn.ensemble.voting.py@@fit.py,swebench,difficult,14,9,5,11,2,6,0,12,4
/home/changshu/CODEMIND/scripts/swebench/dataset_plot/django__django-15741@@django.utils.formats.py@@get_format.py,swebench,difficult,16,7,7,4,0,2,0,12,4
/home/changshu/CODEMIND/scripts/swebench/dataset_plot/sympy__sympy-18728@@sympy.core.power.py@@_eval_is_extended_real.py,swebench,difficult,32,18,21,4,3,1,0,10,0
/home/changshu/CODEMIND/scripts/swebench/dataset_plot/sympy__sympy-18698@@sympy.polys.polytools.py@@_symbolic_factor_list.py,swebench,difficult,8,5,14,7,2,0,0,15,5
/home/changshu/CODEMIND/scripts/swebench/dataset_plot/scikit-learn__scikit-learn-13302@@sklearn.linear_model.ridge.py@@ridge_regression.py,swebench,easy,1,0,0,0,0,0,0,0,0
/home/changshu/CODEMIND/scripts/swebench/dataset_plot/sympy__sympy-14070@@sympy.simplify.simplify.py@@logcombine.py,swebench,difficult,21,11,14,10,14,0,4,16,9
/home/changshu/CODEMIND/scripts/swebench/dataset_plot/sympy__sympy-13146@@sympy.core.operations.py@@_eval_evalf.py,swebench,difficult,21,11,7,11,3,0,1,12,4
/home/changshu/CODEMIND/scripts/swebench/dataset_plot/django__django-14151@@django.middleware.csrf.py@@process_view.py,swebench,difficult,36,17,24,5,4,3,2,27,1
/home/changshu/CODEMIND/scripts/swebench/dataset_plot/scikit-learn__scikit-learn-13328@@sklearn.linear_model.huber.py@@fit.py,swebench,difficult,7,4,0,4,9,3,0,8,4
/home/changshu/CODEMIND/scripts/swebench/dataset_plot/django__django-15018@@django.core.management.__init__.py@@call_command.py,swebench,difficult,15,3,12,8,0,1,2,25,1
/home/changshu/CODEMIND/scripts/swebench/dataset_plot/django__django-11728@@django.contrib.admindocs.utils.py@@replace_unnamed_groups.py,swebench,difficult,12,4,9,4,2,0,0,15,4
/home/changshu/CODEMIND/scripts/swebench/dataset_plot/sympy__sympy-20476@@sympy.simplify.fu.py@@TRmorrie.py,swebench,difficult,16,5,16,11,9,0,2,29,9
/home/changshu/CODEMIND/scripts/swebench/dataset_plot/sympy__sympy-16088@@sympy.core.exprtools.py@@do.py,swebench,difficult,12,6,6,8,8,0,5,14,5
/home/changshu/CODEMIND/scripts/swebench/dataset_plot/pydata__xarray-4758@@xarray.coding.times.py@@decode_cf_datetime.py,swebench,difficult,9,5,3,3,4,0,0,10,3
/home/changshu/CODEMIND/scripts/swebench/dataset_plot/sympy__sympy-20476@@sympy.simplify.fu.py@@f.py,swebench,difficult,16,5,16,11,9,0,2,29,9
/home/changshu/CODEMIND/scripts/swebench/dataset_plot/matplotlib__matplotlib-24265@@lib.matplotlib.style.core.py@@fix_style.py,swebench,difficult,11,5,2,6,8,0,0,16,5
/home/changshu/CODEMIND/scripts/swebench/dataset_plot/scikit-learn__scikit-learn-13143@@sklearn.metrics.classification.py@@f1_score.py,swebench,easy,1,0,0,0,0,0,0,0,0
/home/changshu/CODEMIND/scripts/swebench/dataset_plot/django__django-12553@@django.contrib.auth.hashers.py@@must_update_salt.py,swebench,easy,2,0,0,0,1,0,0,2,0
/home/changshu/CODEMIND/scripts/swebench/dataset_plot/scikit-learn__scikit-learn-14704@@sklearn.model_selection._split.py@@_make_test_folds.py,swebench,difficult,15,3,1,2,12,4,1,19,2
/home/changshu/CODEMIND/scripts/swebench/dataset_plot/django__django-11815@@django.db.migrations.serializer.py@@serialize.py,swebench,easy,2,0,0,0,0,0,0,2,0
/home/changshu/CODEMIND/scripts/swebench/dataset_plot/django__django-15969@@django.db.models.deletion.py@@SET.py,swebench,easy,4,0,0,2,0,0,0,0,0
/home/changshu/CODEMIND/scripts/swebench/dataset_plot/scikit-learn__scikit-learn-13554@@sklearn.metrics.pairwise.py@@euclidean_distances.py,swebench,difficult,12,12,4,8,4,4,0,11,8
/home/changshu/CODEMIND/scripts/swebench/dataset_plot/scikit-learn__scikit-learn-13363@@sklearn.linear_model.ridge.py@@fit.py,swebench,difficult,6,4,0,4,3,1,0,7,2
/home/changshu/CODEMIND/scripts/swebench/dataset_plot/sympy__sympy-12270@@sympy.core.expr.py@@extract_multiplicatively.py,swebench,difficult,95,50,56,19,6,19,3,39,4
/home/changshu/CODEMIND/scripts/swebench/dataset_plot/sympy__sympy-21208@@sympy.matrices.expressions.matexpr.py@@_matrix_derivative.py,swebench,difficult,12,5,3,8,4,2,3,9,8
/home/changshu/CODEMIND/scripts/swebench/dataset_plot/sympy__sympy-13877@@sympy.matrices.matrices.py@@_is_zero_after_expand_mul.py,swebench,easy,1,0,0,0,1,0,0,0,0
/home/changshu/CODEMIND/scripts/swebench/dataset_plot/sympy__sympy-23141@@sympy.integrals.intpoly.py@@polytope_integrate.py,swebench,difficult,18,13,23,3,5,0,0,19,3
/home/changshu/CODEMIND/scripts/swebench/dataset_plot/sympy__sympy-18033@@sympy.combinatorics.permutations.py@@__pow__.py,swebench,easy,3,0,0,0,0,0,0,10,0
/home/changshu/CODEMIND/scripts/swebench/dataset_plot/django__django-12553@@django.contrib.auth.hashers.py@@must_update.py,swebench,easy,3,0,0,0,0,0,0,4,0
/home/changshu/CODEMIND/scripts/swebench/dataset_plot/django__django-13220@@django.core.exceptions.py@@__eq__.py,swebench,easy,4,1,0,0,0,0,0,1,0
/home/changshu/CODEMIND/scripts/swebench/dataset_plot/sympy__sympy-21527@@sympy.polys.constructor.py@@_construct_simple.py,swebench,difficult,18,7,25,7,3,0,0,14,2
/home/changshu/CODEMIND/scripts/swebench/dataset_plot/sympy__sympy-13551@@sympy.concrete.products.py@@_eval_product.py,swebench,difficult,27,12,12,4,12,0,5,24,4
/home/changshu/CODEMIND/scripts/swebench/dataset_plot/pydata__xarray-7147@@xarray.conventions.py@@decode_cf_variables.py,swebench,difficult,27,16,28,7,3,2,1,23,5
/home/changshu/CODEMIND/scripts/swebench/dataset_plot/astropy__astropy-14253@@astropy.units.quantity.py@@_result_as_quantity.py,swebench,difficult,9,5,4,4,0,3,1,17,3
/home/changshu/CODEMIND/scripts/swebench/dataset_plot/astropy__astropy-13417@@astropy.io.fits.column.py@@_verify_keywords.py,swebench,difficult,111,65,57,38,31,9,3,61,5
/home/changshu/CODEMIND/scripts/swebench/dataset_plot/pydata__xarray-5662@@xarray.core.formatting.py@@calc_max_rows_first.py,swebench,easy,2,0,0,0,5,0,0,7,0
/home/changshu/CODEMIND/scripts/swebench/dataset_plot/sympy__sympy-13265@@sympy.simplify.trigsimp.py@@f.py,swebench,difficult,19,10,11,10,10,0,3,18,2
/home/changshu/CODEMIND/scripts/swebench/dataset_plot/scikit-learn__scikit-learn-13960@@sklearn.decomposition.incremental_pca.py@@fit.py,swebench,difficult,20,10,4,4,10,6,1,16,4
/home/changshu/CODEMIND/scripts/swebench/dataset_plot/mwaskom__seaborn-3010@@seaborn._stats.regression.py@@__call__.py,swebench,easy,2,0,0,1,0,0,0,0,1
/home/changshu/CODEMIND/scripts/swebench/dataset_plot/scikit-learn__scikit-learn-14544@@sklearn.compose._column_transformer.py@@fit_transform.py,swebench,difficult,50,25,11,28,17,9,19,34,16
/home/changshu/CODEMIND/scripts/swebench/dataset_plot/sympy__sympy-17139@@sympy.simplify.fu.py@@_f.py,swebench,difficult,12,9,2,5,2,0,0,11,5
/home/changshu/CODEMIND/scripts/swebench/dataset_plot/django__django-11334@@django.template.library.py@@simple_tag.py,swebench,difficult,22,9,8,4,6,0,9,15,0
/home/changshu/CODEMIND/scripts/swebench/dataset_plot/django__django-16429@@django.utils.timesince.py@@timesince.py,swebench,difficult,15,11,3,3,5,10,0,24,3
/home/changshu/CODEMIND/scripts/swebench/dataset_plot/psf__requests-1766@@requests.auth.py@@build_digest_header.py,swebench,difficult,25,10,2,2,7,3,2,30,0
/home/changshu/CODEMIND/scripts/swebench/dataset_plot/astropy__astropy-13579@@astropy.wcs.wcsapi.wrappers.sliced_wcs.py@@world_to_pixel_values.py,swebench,difficult,16,5,5,7,2,0,2,13,4
/home/changshu/CODEMIND/scripts/swebench/dataset_plot/sympy__sympy-11232@@sympy.matrices.expressions.matmul.py@@args_cnc.py,swebench,difficult,8,4,0,7,5,0,1,9,5
/home/changshu/CODEMIND/scripts/swebench/dataset_plot/django__django-11206@@django.utils.numberformat.py@@format.py,swebench,difficult,18,9,11,3,2,1,1,16,1
/home/changshu/CODEMIND/scripts/swebench/dataset_plot/scikit-learn__scikit-learn-11235@@sklearn.preprocessing.data.py@@partial_fit.py,swebench,difficult,27,8,18,1,7,9,2,7,1
/home/changshu/CODEMIND/scripts/swebench/dataset_plot/scikit-learn__scikit-learn-11635@@sklearn.feature_selection._base.py@@transform.py,swebench,difficult,6,4,0,4,9,3,4,8,2
/home/changshu/CODEMIND/scripts/swebench/dataset_plot/scikit-learn__scikit-learn-15084@@sklearn.ensemble.voting.py@@fit.py,swebench,difficult,6,4,0,7,3,2,0,7,2
/home/changshu/CODEMIND/scripts/swebench/dataset_plot/sphinx-doc__sphinx-9665@@sphinx.util.typing.py@@restify.py,swebench,difficult,16,8,3,9,1,0,3,11,4
/home/changshu/CODEMIND/scripts/swebench/dataset_plot/pydata__xarray-5180@@xarray.coding.times.py@@decode_cf_datetime.py,swebench,difficult,9,3,3,3,4,0,0,10,3
/home/changshu/CODEMIND/scripts/swebench/dataset_plot/sympy__sympy-13264@@sympy.simplify.simplify.py@@simplify.py,swebench,difficult,31,13,5,9,27,0,9,13,1
/home/changshu/CODEMIND/scripts/swebench/dataset_plot/pytest-dev__pytest-10893@@src._pytest.pathlib.py@@on_rm_rf_error.py,swebench,difficult,12,4,4,0,6,2,2,8,0
/home/changshu/CODEMIND/scripts/swebench/dataset_plot/django__django-14089@@django.utils.datastructures.py@@__reversed__.py,swebench,easy,2,0,0,0,0,0,0,0,0
/home/changshu/CODEMIND/scripts/swebench/dataset_plot/sphinx-doc__sphinx-8095@@sphinx.ext.napoleon.docstring.py@@_consume_field.py,swebench,difficult,23,5,6,5,13,0,3,28,4
/home/changshu/CODEMIND/scripts/swebench/dataset_plot/django__django-16343@@django.core.signing.py@@loads.py,swebench,easy,2,0,0,0,0,1,0,2,0
/home/changshu/CODEMIND/scripts/swebench/dataset_plot/scikit-learn__scikit-learn-13960@@sklearn.decomposition.incremental_pca.py@@partial_fit.py,swebench,difficult,20,10,4,4,10,6,1,16,4
/home/changshu/CODEMIND/scripts/swebench/dataset_plot/django__django-15248@@django.db.models.base.py@@delete.py,swebench,difficult,35,13,22,4,0,4,0,21,2
/home/changshu/CODEMIND/scripts/swebench/dataset_plot/scikit-learn__scikit-learn-13174@@sklearn.ensemble.weight_boosting.py@@staged_score.py,swebench,difficult,19,9,6,10,4,10,3,15,3
/home/changshu/CODEMIND/scripts/swebench/dataset_plot/sympy__sympy-18922@@sympy.plotting.textplot.py@@textplot_str.py,swebench,difficult,17,12,14,3,4,0,0,19,3
/home/changshu/CODEMIND/scripts/swebench/dataset_plot/scikit-learn__scikit-learn-13915@@sklearn.metrics.pairwise.py@@_euclidean_distances_upcast.py,swebench,difficult,8,4,7,8,6,5,0,26,8
/home/changshu/CODEMIND/scripts/swebench/dataset_plot/scikit-learn__scikit-learn-25752@@sklearn.cluster._kmeans.py@@k_means.py,swebench,easy,2,0,0,0,0,0,0,1,0
/home/changshu/CODEMIND/scripts/swebench/dataset_plot/scikit-learn__scikit-learn-25570@@sklearn.compose._column_transformer.py@@_hstack.py,swebench,difficult,72,28,23,52,21,21,24,62,34
/home/changshu/CODEMIND/scripts/swebench/dataset_plot/scikit-learn__scikit-learn-13143@@sklearn.metrics.classification.py@@recall_score.py,swebench,easy,1,0,0,0,0,0,0,2,0
/home/changshu/CODEMIND/scripts/swebench/dataset_plot/django__django-16027@@django.utils.timesince.py@@timesince.py,swebench,difficult,15,11,3,3,5,10,0,24,3
/home/changshu/CODEMIND/dataset/classeval/ClassEval_8@BankAccount.view_balance/main_reduced.py,classeval,easy,3,0,0,0,0,0,0,0,0
/home/changshu/CODEMIND/dataset/classeval/ClassEval_60@MovieTicketDB.create_table/main_reduced.py,classeval,easy,2,0,0,0,1,0,1,0,0
/home/changshu/CODEMIND/dataset/classeval/ClassEval_92@UserLoginDB.search_user_by_username/main_reduced.py,classeval,easy,3,0,0,0,1,0,0,1,0
/home/changshu/CODEMIND/dataset/classeval/ClassEval_93@VectorUtil.similarity/main_reduced.py,classeval,easy,2,0,0,2,3,0,0,0,0
/home/changshu/CODEMIND/dataset/classeval/ClassEval_64@NumberConverter.decimal_to_hex/main_reduced.py,classeval,easy,2,0,0,2,0,0,0,1,0
/home/changshu/CODEMIND/dataset/classeval/ClassEval_73@RPGCharacter.level_up/main_reduced.py,classeval,easy,4,1,0,0,0,0,0,0,0
/home/changshu/CODEMIND/dataset/classeval/ClassEval_14@BookManagementDB.add_book/main_reduced.py,classeval,easy,3,0,0,0,1,0,0,0,0
/home/changshu/CODEMIND/dataset/classeval/ClassEval_4@AssessmentSystem.add_student/main_reduced.py,classeval,easy,3,0,0,0,0,0,0,0,0
/home/changshu/CODEMIND/dataset/classeval/ClassEval_13@BookManagement.remove_book/main_reduced.py,classeval,easy,3,2,0,0,0,0,0,0,0
/home/changshu/CODEMIND/dataset/classeval/ClassEval_95@Warehouse.update_product_quantity/main_reduced.py,classeval,easy,4,1,0,0,0,0,0,0,0
/home/changshu/CODEMIND/dataset/classeval/ClassEval_14@BookManagementDB.return_book/main_reduced.py,classeval,easy,3,0,0,0,1,0,0,0,0
/home/changshu/CODEMIND/dataset/classeval/ClassEval_6@AvgPartition.setNum/main_reduced.py,classeval,easy,3,0,0,0,0,0,0,2,0
/home/changshu/CODEMIND/dataset/classeval/ClassEval_72@RegexUtils.generate_phone_number_pattern/main_reduced.py,classeval,easy,2,0,0,0,0,0,0,1,0
/home/changshu/CODEMIND/dataset/classeval/ClassEval_43@HRManagementSystem.add_employee/main_reduced.py,classeval,easy,4,1,0,0,0,0,0,0,0
/home/changshu/CODEMIND/dataset/classeval/ClassEval_4@AssessmentSystem.get_gpa/main_reduced.py,classeval,easy,4,1,0,0,0,0,0,0,0
/home/changshu/CODEMIND/dataset/classeval/ClassEval_25@CookiesUtil._save_cookies/main_reduced.py,classeval,easy,6,0,0,0,1,0,0,1,0
/home/changshu/CODEMIND/dataset/classeval/ClassEval_2@ArgumentParser._convert_type/main_reduced.py,classeval,easy,4,0,0,0,0,0,0,0,0
/home/changshu/CODEMIND/dataset/classeval/ClassEval_18@CamelCaseMap.__len__/main_reduced.py,classeval,easy,3,0,0,0,0,0,0,0,0
/home/changshu/CODEMIND/dataset/classeval/ClassEval_76@SignInSystem.sign_in/main_reduced.py,classeval,easy,4,1,0,0,0,0,0,0,0
/home/changshu/CODEMIND/dataset/classeval/ClassEval_44@HtmlUtil.extract_code_from_html_text/main_reduced.py,classeval,difficult,16,7,11,6,3,0,1,19,6
/home/changshu/CODEMIND/dataset/classeval/ClassEval_29@DataStatistics.mean/main_reduced.py,classeval,easy,2,0,0,0,0,0,0,0,0
/home/changshu/CODEMIND/dataset/classeval/ClassEval_1@AreaCalculator.calculate_cylinder_area/main_reduced.py,classeval,easy,3,0,0,0,0,0,0,0,0
/home/changshu/CODEMIND/dataset/classeval/ClassEval_20@Chat.remove_user/main_reduced.py,classeval,easy,4,1,0,0,0,0,0,0,0
/home/changshu/CODEMIND/dataset/classeval/ClassEval_52@Lemmatization.remove_punctuation/main_reduced.py,classeval,easy,4,0,0,0,4,0,0,0,0
/home/changshu/CODEMIND/dataset/classeval/ClassEval_45@ImageProcessor.adjust_brightness/main_reduced.py,classeval,easy,4,0,0,0,1,0,0,1,0
/home/changshu/CODEMIND/dataset/classeval/ClassEval_94@VendingMachine.insert_coin/main_reduced.py,classeval,easy,3,0,0,0,0,0,0,0,0
/home/changshu/CODEMIND/dataset/classeval/ClassEval_72@RegexUtils.generate_email_pattern/main_reduced.py,classeval,easy,2,0,0,0,0,0,0,1,0
/home/changshu/CODEMIND/dataset/classeval/ClassEval_96@WeatherSystem.set_city/main_reduced.py,classeval,easy,3,0,0,0,0,0,0,0,0
/home/changshu/CODEMIND/dataset/classeval/ClassEval_84@TextFileProcessor.write_file/main_reduced.py,classeval,easy,3,0,0,0,0,0,0,1,0
/home/changshu/CODEMIND/dataset/classeval/ClassEval_85@Thermostat.get_target_temperature/main_reduced.py,classeval,easy,3,0,0,0,0,0,0,0,0
/home/changshu/CODEMIND/dataset/classeval/ClassEval_64@NumberConverter.decimal_to_octal/main_reduced.py,classeval,easy,2,0,0,2,0,0,0,1,0
/home/changshu/CODEMIND/dataset/classeval/ClassEval_64@NumberConverter.hex_to_decimal/main_reduced.py,classeval,easy,2,0,0,2,0,0,0,1,0
/home/changshu/CODEMIND/dataset/classeval/ClassEval_78@SplitSentence.count_words/main_reduced.py,classeval,easy,2,0,0,0,1,0,0,2,0
/home/changshu/CODEMIND/dataset/classeval/ClassEval_98@XMLProcessor.read_xml/main_reduced.py,classeval,easy,6,0,0,0,1,0,0,1,0
/home/changshu/CODEMIND/dataset/classeval/ClassEval_33@DiscountStrategy.LargeOrderPromo/main_reduced.py,classeval,easy,3,0,0,3,0,0,0,1,0
/home/changshu/CODEMIND/dataset/classeval/ClassEval_64@NumberConverter.octal_to_decimal/main_reduced.py,classeval,easy,2,0,0,2,0,0,0,1,0
/home/changshu/CODEMIND/dataset/classeval/ClassEval_35@EightPuzzle.solve/main_reduced.py,classeval,difficult,15,10,4,10,0,0,2,10,10
/home/changshu/CODEMIND/dataset/classeval/ClassEval_30@DataStatistics2.get_max/main_reduced.py,classeval,easy,3,0,0,0,2,0,0,0,0
/home/changshu/CODEMIND/dataset/classeval/ClassEval_96@WeatherSystem.fahrenheit_to_celsius/main_reduced.py,classeval,easy,3,0,0,0,0,0,0,0,0
/home/changshu/CODEMIND/dataset/classeval/ClassEval_8@BankAccount.withdraw/main_reduced.py,classeval,easy,3,2,0,0,0,0,0,0,0
/home/changshu/CODEMIND/dataset/classeval/ClassEval_42@Hotel.check_out/main_reduced.py,classeval,easy,4,1,0,0,0,0,0,0,0
/home/changshu/CODEMIND/dataset/classeval/ClassEval_45@ImageProcessor.save_image/main_reduced.py,classeval,easy,4,0,0,0,0,0,0,0,0
/home/changshu/CODEMIND/dataset/classeval/ClassEval_99@ZipFileProcessor.extract_file/main_reduced.py,classeval,easy,6,0,0,0,1,0,0,1,0
/home/changshu/CODEMIND/dataset/classeval/ClassEval_54@MahjongConnect.remove_icons/main_reduced.py,classeval,easy,3,0,0,0,0,0,0,4,0
/home/changshu/CODEMIND/dataset/classeval/ClassEval_18@CamelCaseMap.__delitem__/main_reduced.py,classeval,easy,5,0,0,0,0,0,1,0,0
/home/changshu/CODEMIND/dataset/classeval/ClassEval_13@BookManagement.view_book_quantity/main_reduced.py,classeval,easy,4,1,0,0,0,0,0,0,0
/home/changshu/CODEMIND/dataset/classeval/ClassEval_14@BookManagementDB.search_books/main_reduced.py,classeval,easy,3,0,0,0,1,0,0,1,0
/home/changshu/CODEMIND/dataset/classeval/ClassEval_95@Warehouse.change_order_status/main_reduced.py,classeval,easy,4,1,0,0,0,0,0,0,0
/home/changshu/CODEMIND/dataset/classeval/ClassEval_79@SQLGenerator.delete/main_reduced.py,classeval,easy,3,0,0,0,0,0,0,1,0
/home/changshu/CODEMIND/dataset/classeval/ClassEval_10@BinaryDataProcessor.convert_to_utf8/main_reduced.py,classeval,easy,4,0,0,0,0,0,0,4,0
/home/changshu/CODEMIND/dataset/classeval/ClassEval_5@AutomaticGuitarSimulator.display/main_reduced.py,classeval,easy,3,0,0,0,0,0,0,0,0
/home/changshu/CODEMIND/dataset/classeval/ClassEval_39@ExpressionCalculator.prepare/main_reduced.py,classeval,difficult,16,8,11,4,2,0,3,9,2
/home/changshu/CODEMIND/dataset/classeval/ClassEval_19@ChandrasekharSieve.get_primes/main_reduced.py,classeval,easy,3,0,0,0,0,0,0,0,0
/home/changshu/CODEMIND/dataset/classeval/ClassEval_64@NumberConverter.decimal_to_binary/main_reduced.py,classeval,easy,2,0,0,2,0,0,0,1,0
/home/changshu/CODEMIND/dataset/classeval/ClassEval_30@DataStatistics2.get_correlation/main_reduced.py,classeval,easy,3,0,0,0,2,0,0,0,0
/home/changshu/CODEMIND/dataset/classeval/ClassEval_30@DataStatistics2.get_variance/main_reduced.py,classeval,easy,3,0,0,0,2,0,0,0,0
/home/changshu/CODEMIND/dataset/classeval/ClassEval_30@DataStatistics2.get_sum/main_reduced.py,classeval,easy,3,0,0,0,2,0,0,0,0
/home/changshu/CODEMIND/dataset/classeval/ClassEval_45@ImageProcessor.rotate_image/main_reduced.py,classeval,easy,4,0,0,0,0,0,0,0,0
/home/changshu/CODEMIND/dataset/classeval/ClassEval_2@ArgumentParser.add_argument/main_reduced.py,classeval,easy,4,0,0,0,0,0,0,0,0
/home/changshu/CODEMIND/dataset/classeval/ClassEval_60@MovieTicketDB.delete_ticket/main_reduced.py,classeval,easy,3,0,0,0,1,0,0,0,0
/home/changshu/CODEMIND/dataset/classeval/ClassEval_75@ShoppingCart.remove_item/main_reduced.py,classeval,easy,4,1,0,0,0,0,0,0,0
/home/changshu/CODEMIND/dataset/classeval/ClassEval_45@ImageProcessor.load_image/main_reduced.py,classeval,easy,3,0,0,0,1,0,0,0,0
/home/changshu/CODEMIND/dataset/classeval/ClassEval_44@HtmlUtil.format_line_html_text/main_reduced.py,classeval,difficult,13,5,10,5,4,0,1,13,3
/home/changshu/CODEMIND/dataset/classeval/ClassEval_64@NumberConverter.binary_to_decimal/main_reduced.py,classeval,easy,2,0,0,2,0,0,0,1,0
/home/changshu/CODEMIND/dataset/classeval/ClassEval_80@SQLQueryBuilder.insert/main_reduced.py,classeval,easy,2,0,0,3,0,0,0,3,0
/home/changshu/CODEMIND/dataset/classeval/ClassEval_76@SignInSystem.all_signed_in/main_reduced.py,classeval,easy,4,0,0,0,0,0,0,0,0
/home/changshu/CODEMIND/dataset/classeval/ClassEval_95@Warehouse.track_order/main_reduced.py,classeval,easy,4,1,0,0,0,0,0,0,0
/home/changshu/CODEMIND/dataset/classeval/ClassEval_34@DocFileHandler._get_alignment_value/main_reduced.py,classeval,easy,3,0,0,0,0,0,0,1,0
/home/changshu/CODEMIND/dataset/classeval/ClassEval_66@NumericEntityUnescaper.is_hex_char/main_reduced.py,classeval,easy,3,0,0,2,0,0,0,0,0
/home/changshu/CODEMIND/dataset/classeval/ClassEval_42@Hotel.get_available_rooms/main_reduced.py,classeval,easy,3,0,0,0,0,0,0,0,0
/home/changshu/CODEMIND/dataset/classeval/ClassEval_16@Calculator.precedence/main_reduced.py,classeval,easy,3,0,0,10,0,0,0,1,0
/home/changshu/CODEMIND/dataset/classeval/ClassEval_16@Calculator.calculate/main_reduced.py,classeval,difficult,17,7,9,12,0,0,5,9,2
/home/changshu/CODEMIND/dataset/classeval/ClassEval_72@RegexUtils.findall/main_reduced.py,classeval,easy,5,0,0,0,1,0,0,0,0
/home/changshu/CODEMIND/dataset/classeval/ClassEval_18@CamelCaseMap.__setitem__/main_reduced.py,classeval,easy,5,0,0,0,0,0,1,0,0
/home/changshu/CODEMIND/dataset/classeval/ClassEval_30@DataStatistics2.get_std_deviation/main_reduced.py,classeval,easy,3,0,0,0,2,0,0,0,0
/home/changshu/CODEMIND/dataset/classeval/ClassEval_76@SignInSystem.add_user/main_reduced.py,classeval,easy,4,1,0,0,0,0,0,0,0
/home/changshu/CODEMIND/dataset/classeval/ClassEval_87@TimeUtils.datetime_to_string/main_reduced.py,classeval,easy,3,0,0,0,2,0,0,0,0
/home/changshu/CODEMIND/dataset/classeval/ClassEval_39@ExpressionCalculator.calculate/main_reduced.py,classeval,difficult,27,16,18,8,15,0,6,14,2
/home/changshu/CODEMIND/dataset/classeval/ClassEval_1@AreaCalculator.calculate_circle_area/main_reduced.py,classeval,easy,3,0,0,0,0,0,0,0,0
/home/changshu/CODEMIND/dataset/classeval/ClassEval_27@CurrencyConverter.update_currency_rate/main_reduced.py,classeval,easy,4,1,0,0,0,0,0,0,0
/home/changshu/CODEMIND/dataset/classeval/ClassEval_73@RPGCharacter.is_alive/main_reduced.py,classeval,easy,3,0,0,0,0,0,0,0,0
/home/changshu/CODEMIND/dataset/classeval/ClassEval_10@BinaryDataProcessor.calculate_binary_info/main_reduced.py,classeval,easy,3,0,0,0,0,0,0,5,0
/home/changshu/CODEMIND/dataset/classeval/ClassEval_87@TimeUtils.get_current_date/main_reduced.py,classeval,easy,3,0,0,0,1,0,0,1,0
/home/changshu/CODEMIND/dataset/classeval/ClassEval_50@JSONProcessor.write_json/main_reduced.py,classeval,easy,5,0,0,0,1,0,0,1,0
/home/changshu/CODEMIND/dataset/classeval/ClassEval_87@TimeUtils.string_to_datetime/main_reduced.py,classeval,easy,3,0,0,0,2,0,0,0,0
/home/changshu/CODEMIND/dataset/classeval/ClassEval_27@CurrencyConverter.get_supported_currencies/main_reduced.py,classeval,easy,3,0,0,0,0,0,0,0,0
/home/changshu/CODEMIND/dataset/classeval/ClassEval_98@XMLProcessor.write_xml/main_reduced.py,classeval,easy,6,0,0,0,1,0,0,1,0
/home/changshu/CODEMIND/dataset/classeval/ClassEval_73@RPGCharacter.attack/main_reduced.py,classeval,easy,3,0,0,0,0,0,0,1,0
/home/changshu/CODEMIND/dataset/classeval/ClassEval_76@SignInSystem.check_sign_in/main_reduced.py,classeval,easy,5,1,0,0,0,0,0,0,0
/home/changshu/CODEMIND/dataset/classeval/ClassEval_41@GomokuGame.check_winner/main_reduced.py,classeval,difficult,12,3,12,3,0,0,1,12,3
/home/changshu/CODEMIND/dataset/classeval/ClassEval_90@URLHandler.get_scheme/main_reduced.py,classeval,easy,4,1,0,0,0,0,0,1,0
/home/changshu/CODEMIND/dataset/classeval/ClassEval_2@ArgumentParser.get_argument/main_reduced.py,classeval,easy,3,0,0,0,0,0,0,0,0
/home/changshu/CODEMIND/dataset/classeval/ClassEval_10@BinaryDataProcessor.convert_to_ascii/main_reduced.py,classeval,easy,4,0,0,0,0,0,0,4,0
/home/changshu/CODEMIND/dataset/classeval/ClassEval_57@MetricsCalculator2.map/main_reduced.py,classeval,difficult,13,8,16,8,9,0,0,8,6
/home/changshu/CODEMIND/dataset/classeval/ClassEval_85@Thermostat.auto_set_mode/main_reduced.py,classeval,easy,4,1,0,0,0,0,0,0,0
/home/changshu/CODEMIND/dataset/classeval/ClassEval_18@CamelCaseMap.__getitem__/main_reduced.py,classeval,easy,5,0,0,0,0,0,1,0,0
/home/changshu/CODEMIND/dataset/classeval/ClassEval_75@ShoppingCart.add_item/main_reduced.py,classeval,easy,4,1,0,0,0,0,0,0,0
/home/changshu/CODEMIND/dataset/classeval/ClassEval_60@MovieTicketDB.insert_ticket/main_reduced.py,classeval,easy,3,0,0,0,1,0,0,0,0
/home/changshu/CODEMIND/dataset/classeval/ClassEval_0@AccessGatewayFilter.set_current_user_info_and_log/main_reduced.py,classeval,easy,3,0,0,0,2,0,0,1,0
/home/changshu/CODEMIND/dataset/classeval/ClassEval_45@ImageProcessor.resize_image/main_reduced.py,classeval,easy,4,0,0,0,0,0,0,0,0
/home/changshu/CODEMIND/dataset/classeval/ClassEval_75@ShoppingCart.view_items/main_reduced.py,classeval,easy,3,0,0,0,0,0,0,0,0
/home/changshu/CODEMIND/dataset/classeval/ClassEval_14@BookManagementDB.create_table/main_reduced.py,classeval,easy,2,0,0,0,1,0,1,0,0
/home/changshu/CODEMIND/dataset/classeval/ClassEval_84@TextFileProcessor.read_file/main_reduced.py,classeval,easy,3,0,0,0,0,0,0,1,0
/home/changshu/CODEMIND/dataset/classeval/ClassEval_1@AreaCalculator.calculate_annulus_area/main_reduced.py,classeval,easy,3,0,0,0,0,0,0,0,0
/home/changshu/CODEMIND/dataset/classeval/ClassEval_73@RPGCharacter.heal/main_reduced.py,classeval,easy,4,1,0,0,0,0,0,0,0
/home/changshu/CODEMIND/dataset/classeval/ClassEval_92@UserLoginDB.insert_user/main_reduced.py,classeval,easy,3,0,0,0,1,0,0,0,0
/home/changshu/CODEMIND/dataset/classeval/ClassEval_12@BlackjackGame.check_winner/main_reduced.py,classeval,difficult,14,8,2,3,0,0,2,6,3
/home/changshu/CODEMIND/dataset/classeval/ClassEval_43@HRManagementSystem.remove_employee/main_reduced.py,classeval,easy,4,1,0,0,0,0,0,0,0
/home/changshu/CODEMIND/dataset/classeval/ClassEval_14@BookManagementDB.borrow_book/main_reduced.py,classeval,easy,3,0,0,0,1,0,0,0,0
/home/changshu/CODEMIND/dataset/classeval/ClassEval_57@MetricsCalculator2.mrr/main_reduced.py,classeval,difficult,13,8,16,6,5,0,0,7,4
/home/changshu/CODEMIND/dataset/classeval/ClassEval_30@DataStatistics2.get_min/main_reduced.py,classeval,easy,3,0,0,0,2,0,0,0,0
/home/changshu/CODEMIND/dataset/classeval/ClassEval_1@AreaCalculator.calculate_sector_area/main_reduced.py,classeval,easy,3,0,0,0,0,0,0,0,0
/home/changshu/CODEMIND/dataset/classeval/ClassEval_14@BookManagementDB.remove_book/main_reduced.py,classeval,easy,3,0,0,0,1,0,0,0,0
/home/changshu/CODEMIND/dataset/classeval/ClassEval_78@SplitSentence.split_sentences/main_reduced.py,classeval,easy,2,0,0,0,1,0,0,1,0
/home/changshu/CODEMIND/dataset/classeval/ClassEval_4@AssessmentSystem.add_course_score/main_reduced.py,classeval,easy,4,1,0,0,0,0,0,0,0
/home/changshu/CODEMIND/dataset/classeval/ClassEval_87@TimeUtils.get_current_time/main_reduced.py,classeval,easy,3,0,0,0,1,0,0,1,0
/home/changshu/CODEMIND/dataset/classeval/ClassEval_72@RegexUtils.split/main_reduced.py,classeval,easy,5,0,0,0,1,0,0,0,0
/home/changshu/CODEMIND/dataset/classeval/ClassEval_95@Warehouse.add_product/main_reduced.py,classeval,easy,4,1,0,0,0,0,0,0,0
/home/changshu/CODEMIND/dataset/classeval/ClassEval_95@Warehouse.get_product_quantity/main_reduced.py,classeval,easy,4,1,0,0,0,0,0,0,0
/home/changshu/CODEMIND/dataset/classeval/ClassEval_60@MovieTicketDB.search_tickets_by_customer/main_reduced.py,classeval,easy,3,0,0,0,1,0,0,1,0
/home/changshu/CODEMIND/dataset/classeval/ClassEval_1@AreaCalculator.calculate_sphere_area/main_reduced.py,classeval,easy,3,0,0,0,0,0,0,0,0
/home/changshu/CODEMIND/dataset/classeval/ClassEval_85@Thermostat.set_target_temperature/main_reduced.py,classeval,easy,3,0,0,0,0,0,0,0,0
/home/changshu/CODEMIND/dataset/classeval/ClassEval_8@BankAccount.deposit/main_reduced.py,classeval,easy,3,1,0,0,0,0,0,0,0
/home/changshu/CODEMIND/dataset/classeval/ClassEval_13@BookManagement.add_book/main_reduced.py,classeval,easy,4,1,0,0,0,0,0,0,0
/home/changshu/CODEMIND/dataset/classeval/ClassEval_96@WeatherSystem.celsius_to_fahrenheit/main_reduced.py,classeval,easy,3,0,0,0,0,0,0,0,0
/home/changshu/CODEMIND/dataset/classeval/ClassEval_85@Thermostat.get_mode/main_reduced.py,classeval,easy,3,0,0,0,0,0,0,0,0
/home/changshu/CODEMIND/dataset/classeval/ClassEval_13@BookManagement.view_inventory/main_reduced.py,classeval,easy,3,0,0,0,0,0,0,0,0
/home/changshu/CODEMIND/dataset/classeval/ClassEval_72@RegexUtils.sub/main_reduced.py,classeval,easy,5,0,0,0,1,0,0,0,0
/home/changshu/CODEMIND/dataset/classeval/ClassEval_92@UserLoginDB.delete_user_by_username/main_reduced.py,classeval,easy,3,0,0,0,1,0,0,0,0
/home/changshu/CODEMIND/dataset/classeval/ClassEval_33@DiscountStrategy.total/main_reduced.py,classeval,easy,2,0,0,1,0,0,1,1,0
/home/changshu/CODEMIND/dataset/classeval/ClassEval_90@URLHandler.get_fragment/main_reduced.py,classeval,easy,4,1,0,0,0,0,0,1,0
/home/changshu/CODEMIND/dataset/classeval/ClassEval_98@XMLProcessor.find_element/main_reduced.py,classeval,easy,3,0,0,0,0,0,0,1,0
/home/changshu/CODEMIND/dataset/classeval/ClassEval_99@ZipFileProcessor.read_zip_file/main_reduced.py,classeval,easy,6,0,0,0,1,0,0,1,0
/home/changshu/CODEMIND/dataset/classeval/ClassEval_72@RegexUtils.match/main_reduced.py,classeval,easy,6,0,0,0,1,0,0,1,0
/home/changshu/CODEMIND/dataset/classeval/ClassEval_34@DocFileHandler.add_heading/main_reduced.py,classeval,easy,7,0,0,0,1,0,0,1,0
/home/changshu/CODEMIND/dataset/classeval/ClassEval_62@NLPDataProcessor.construct_stop_word_list/main_reduced.py,classeval,easy,2,0,0,1,0,0,0,1,1
/home/changshu/CODEMIND/dataset/classeval/ClassEval_94@VendingMachine.restock_item/main_reduced.py,classeval,easy,4,1,0,0,0,0,0,0,0
/home/changshu/CODEMIND/dataset/classeval/ClassEval_99@ZipFileProcessor.extract_all/main_reduced.py,classeval,easy,6,0,0,0,1,0,0,1,0
/home/changshu/CODEMIND/dataset/classeval/ClassEval_72@RegexUtils.generate_split_sentences_pattern/main_reduced.py,classeval,easy,2,0,0,0,0,0,0,1,0
/home/changshu/CODEMIND/dataset/classeval/ClassEval_11@BitStatusUtil.has/main_reduced.py,classeval,easy,2,0,0,3,0,0,0,0,1
/home/changshu/CODEMIND/dataset/classeval/ClassEval_27@CurrencyConverter.add_currency_rate/main_reduced.py,classeval,easy,4,1,0,0,0,0,0,0,0
/home/changshu/CODEMIND/dataset/classeval/ClassEval_33@DiscountStrategy.FidelityPromo/main_reduced.py,classeval,easy,3,0,0,2,0,0,0,0,0
/home/changshu/CODEMIND/dataset/classeval/ClassEval_33@DiscountStrategy.due/main_reduced.py,classeval,easy,4,1,0,0,0,0,0,1,0
/home/changshu/CODEMIND/dataset/classeval/ClassEval_43@HRManagementSystem.get_employee/main_reduced.py,classeval,easy,4,1,0,0,0,0,0,0,0
/home/changshu/CODEMIND/dataset/classeval/ClassEval_11@BitStatusUtil.add/main_reduced.py,classeval,easy,2,0,0,3,0,0,0,0,1
/home/changshu/CODEMIND/dataset/Avatar/Avatar-Python/codeforces_669_A/main.py,avatar,easy,3,2,0,0,0,0,0,1,0
/home/changshu/CODEMIND/dataset/Avatar/Avatar-Python/atcoder_ABC070_B/main.py,avatar,easy,1,0,0,0,0,0,0,4,0
/home/changshu/CODEMIND/dataset/Avatar/Avatar-Python/atcoder_ABC151_A/main.py,avatar,easy,1,0,0,0,0,0,0,0,0
/home/changshu/CODEMIND/dataset/Avatar/Avatar-Python/atcoder_ABC178_A/main.py,avatar,easy,2,1,0,0,0,0,0,1,0
/home/changshu/CODEMIND/dataset/Avatar/Avatar-Python/codeforces_334_A/main.py,avatar,easy,2,1,0,0,0,0,0,3,0
/home/changshu/CODEMIND/dataset/Avatar/Avatar-Python/atcoder_ABC108_B/main.py,avatar,easy,1,0,0,0,0,0,0,6,0
/home/changshu/CODEMIND/dataset/Avatar/Avatar-Python/atcoder_ABC169_C/main.py,avatar,easy,1,0,0,0,0,0,0,2,0
/home/changshu/CODEMIND/dataset/Avatar/Avatar-Python/codeforces_678_A/main.py,avatar,easy,1,0,0,0,0,0,0,2,0
/home/changshu/CODEMIND/dataset/Avatar/Avatar-Python/atcoder_ABC164_D/main.py,avatar,difficult,11,3,1,7,8,0,2,16,7
/home/changshu/CODEMIND/dataset/Avatar/Avatar-Python/codeforces_99_A/main.py,avatar,easy,3,2,0,0,0,0,0,1,0
/home/changshu/CODEMIND/dataset/Avatar/Avatar-Python/atcoder_ABC169_D/main.py,avatar,difficult,13,9,13,5,0,0,1,10,5
/home/changshu/CODEMIND/dataset/Avatar/Avatar-Python/atcoder_ABC158_A/main.py,avatar,easy,1,0,0,0,0,0,0,3,0
/home/changshu/CODEMIND/dataset/Avatar/Avatar-Python/atcoder_ABC051_A/main.py,avatar,easy,1,0,0,0,0,0,0,0,0
/home/changshu/CODEMIND/dataset/Avatar/Avatar-Python/atcoder_ABC178_B/main.py,avatar,easy,1,0,0,0,0,0,0,5,0
/home/changshu/CODEMIND/dataset/Avatar/Avatar-Python/atcoder_ABC143_A/main.py,avatar,easy,2,1,0,0,0,0,0,3,0
/home/changshu/CODEMIND/dataset/Avatar/Avatar-Python/atcoder_ABC142_A/main.py,avatar,easy,2,1,0,0,0,0,0,1,0
/home/changshu/CODEMIND/dataset/Avatar/Avatar-Python/atcoder_ABC139_B/main.py,avatar,easy,1,0,0,0,0,0,0,2,0
/home/changshu/CODEMIND/dataset/Avatar/Avatar-Python/atcoder_ABC127_B/main.py,avatar,easy,2,0,0,0,0,0,0,4,0
/home/changshu/CODEMIND/dataset/Avatar/Avatar-Python/codeforces_147_A/main.py,avatar,easy,3,0,0,0,0,0,0,3,0
/home/changshu/CODEMIND/dataset/Avatar/Avatar-Python/atcoder_ABC168_C/main.py,avatar,easy,1,0,0,0,4,0,0,10,0
/home/changshu/CODEMIND/dataset/Avatar/Avatar-Python/codeforces_55_A/main.py,avatar,easy,3,2,0,0,0,0,0,1,0
/home/changshu/CODEMIND/dataset/Avatar/Avatar-Python/atcoder_ABC158_B/main.py,avatar,easy,1,0,0,0,0,0,0,5,0
/home/changshu/CODEMIND/dataset/Avatar/Avatar-Python/atcoder_ABC042_A/main.py,avatar,easy,2,1,0,0,0,0,0,1,0
/home/changshu/CODEMIND/dataset/Avatar/Avatar-Python/atcoder_ABC153_A/main.py,avatar,easy,1,0,0,0,1,0,0,2,0
/home/changshu/CODEMIND/dataset/Avatar/Avatar-Python/atcoder_ABC125_A/main.py,avatar,easy,1,0,0,0,0,0,0,4,0
/home/changshu/CODEMIND/dataset/Avatar/Avatar-Python/atcoder_ABC132_A/main.py,avatar,easy,2,1,0,0,0,0,0,1,0
/home/changshu/CODEMIND/dataset/Avatar/Avatar-Python/codeforces_171_A/main.py,avatar,easy,1,0,0,0,0,0,0,2,0
/home/changshu/Benchmark/dataset/cruxeval/code/sample_788.py,cruxeval,easy,2,0,0,0,0,0,0,0,0
/home/changshu/Benchmark/dataset/cruxeval/code/sample_445.py,cruxeval,easy,2,0,0,0,0,0,0,3,0
/home/changshu/Benchmark/dataset/cruxeval/code/sample_456.py,cruxeval,easy,1,0,0,0,0,0,0,0,0
/home/changshu/Benchmark/dataset/cruxeval/code/sample_315.py,cruxeval,easy,1,0,0,0,0,0,0,0,0
/home/changshu/Benchmark/dataset/cruxeval/code/sample_402.py,cruxeval,easy,2,0,0,1,0,0,0,3,0
/home/changshu/Benchmark/dataset/cruxeval/code/sample_606.py,cruxeval,easy,1,0,0,0,0,0,0,1,0
/home/changshu/Benchmark/dataset/cruxeval/code/sample_271.py,cruxeval,easy,1,1,0,0,0,0,0,1,0
/home/changshu/Benchmark/dataset/cruxeval/code/sample_627.py,cruxeval,easy,1,0,0,0,0,0,0,0,0
/home/changshu/Benchmark/dataset/cruxeval/code/sample_633.py,cruxeval,easy,2,0,0,0,0,0,0,1,0
/home/changshu/Benchmark/dataset/cruxeval/code/sample_71.py,cruxeval,easy,2,0,0,0,0,0,0,2,0
/home/changshu/Benchmark/dataset/cruxeval/code/sample_435.py,cruxeval,easy,3,2,0,0,0,0,0,1,0
/home/changshu/Benchmark/dataset/cruxeval/code/sample_227.py,cruxeval,easy,1,0,0,0,0,0,0,3,0
/home/changshu/Benchmark/dataset/cruxeval/code/sample_96.py,cruxeval,easy,1,0,0,1,0,0,0,1,1
/home/changshu/Benchmark/dataset/cruxeval/code/sample_149.py,cruxeval,easy,2,0,0,0,0,0,0,2,0
/home/changshu/Benchmark/dataset/cruxeval/code/sample_347.py,cruxeval,easy,2,0,0,0,0,0,0,3,0
/home/changshu/Benchmark/dataset/cruxeval/code/sample_795.py,cruxeval,easy,1,0,0,0,0,0,0,0,0
/home/changshu/Benchmark/dataset/cruxeval/code/sample_538.py,cruxeval,easy,1,0,0,0,0,0,0,0,0
/home/changshu/Benchmark/dataset/cruxeval/code/sample_405.py,cruxeval,easy,2,1,0,0,0,0,0,1,0
/home/changshu/Benchmark/dataset/cruxeval/code/sample_643.py,cruxeval,easy,2,0,0,0,0,0,0,1,0
/home/changshu/Benchmark/dataset/cruxeval/code/sample_741.py,cruxeval,easy,2,1,0,0,0,0,0,1,0
/home/changshu/Benchmark/dataset/cruxeval/code/sample_654.py,cruxeval,easy,1,0,0,0,0,0,0,1,0
/home/changshu/Benchmark/dataset/cruxeval/code/sample_765.py,cruxeval,easy,1,0,0,1,0,0,0,1,0
/home/changshu/Benchmark/dataset/cruxeval/code/sample_34.py,cruxeval,easy,3,2,0,0,0,0,0,0,0
/home/changshu/Benchmark/dataset/cruxeval/code/sample_636.py,cruxeval,easy,2,1,0,0,0,0,0,1,0
/home/changshu/Benchmark/dataset/cruxeval/code/sample_433.py,cruxeval,easy,1,0,0,0,0,0,0,1,0
/home/changshu/Benchmark/dataset/cruxeval/code/sample_214.py,cruxeval,easy,2,1,0,0,0,0,0,1,0
/home/changshu/Benchmark/dataset/cruxeval/code/sample_430.py,cruxeval,easy,1,0,0,0,0,0,0,1,0
/home/changshu/Benchmark/dataset/cruxeval/code/sample_668.py,cruxeval,easy,1,0,0,0,0,0,0,0,0
/home/changshu/Benchmark/dataset/cruxeval/code/sample_642.py,cruxeval,easy,3,2,0,0,0,0,0,1,0
/home/changshu/Benchmark/dataset/cruxeval/code/sample_218.py,cruxeval,easy,1,0,0,0,0,0,0,1,0
/home/changshu/Benchmark/dataset/cruxeval/code/sample_348.py,cruxeval,easy,1,0,0,0,0,0,0,0,0
/home/changshu/Benchmark/dataset/cruxeval/code/sample_125.py,cruxeval,easy,3,0,0,0,0,0,0,2,0
/home/changshu/Benchmark/dataset/cruxeval/code/sample_60.py,cruxeval,easy,3,0,1,0,0,0,0,1,0
/home/changshu/Benchmark/dataset/cruxeval/code/sample_36.py,cruxeval,easy,1,0,0,0,0,0,0,0,0
/home/changshu/Benchmark/dataset/cruxeval/code/sample_792.py,cruxeval,easy,2,1,0,0,0,0,0,0,0
/home/changshu/Benchmark/dataset/cruxeval/code/sample_106.py,cruxeval,easy,2,0,0,0,0,0,0,2,0
/home/changshu/Benchmark/dataset/cruxeval/code/sample_598.py,cruxeval,easy,1,0,0,0,0,0,0,1,0
/home/changshu/Benchmark/dataset/cruxeval/code/sample_150.py,cruxeval,easy,2,0,0,0,0,0,0,2,0
/home/changshu/Benchmark/dataset/cruxeval/code/sample_550.py,cruxeval,easy,2,0,0,0,0,0,0,1,0
/home/changshu/Benchmark/dataset/cruxeval/code/sample_638.py,cruxeval,easy,3,1,0,0,0,0,0,1,0
/home/changshu/Benchmark/dataset/cruxeval/code/sample_17.py,cruxeval,easy,1,0,0,0,0,0,0,0,0
/home/changshu/Benchmark/dataset/cruxeval/code/sample_441.py,cruxeval,easy,1,0,0,0,0,0,0,0,0
/home/changshu/Benchmark/dataset/cruxeval/code/sample_499.py,cruxeval,easy,1,0,0,0,0,0,0,1,0
/home/changshu/Benchmark/dataset/cruxeval/code/sample_373.py,cruxeval,easy,1,0,0,0,0,0,0,1,0
/home/changshu/Benchmark/dataset/cruxeval/code/sample_408.py,cruxeval,easy,1,0,0,0,0,0,0,0,0
/home/changshu/Benchmark/dataset/cruxeval/code/sample_527.py,cruxeval,easy,1,0,0,0,0,0,0,0,0
/home/changshu/Benchmark/dataset/cruxeval/code/sample_709.py,cruxeval,easy,1,0,0,0,0,0,0,1,0
/home/changshu/Benchmark/dataset/cruxeval/code/sample_199.py,cruxeval,easy,1,0,0,0,0,0,0,1,0
/home/changshu/Benchmark/dataset/cruxeval/code/sample_427.py,cruxeval,easy,2,1,0,0,0,0,0,2,0
/home/changshu/Benchmark/dataset/cruxeval/code/sample_562.py,cruxeval,easy,1,0,0,0,0,0,0,0,0
/home/changshu/Benchmark/dataset/cruxeval/code/sample_187.py,cruxeval,easy,2,0,0,0,0,0,0,4,0
/home/changshu/Benchmark/dataset/cruxeval/code/sample_508.py,cruxeval,easy,1,0,0,0,0,0,0,3,0
/home/changshu/Benchmark/dataset/cruxeval/code/sample_376.py,cruxeval,easy,3,0,1,0,0,0,0,1,0
/home/changshu/Benchmark/dataset/cruxeval/code/sample_99.py,cruxeval,easy,1,0,0,0,0,0,0,0,0
/home/changshu/Benchmark/dataset/cruxeval/code/sample_498.py,cruxeval,easy,1,0,0,0,0,0,0,0,0
/home/changshu/Benchmark/dataset/cruxeval/code/sample_628.py,cruxeval,easy,1,0,0,0,0,0,0,0,0
/home/changshu/Benchmark/dataset/cruxeval/code/sample_174.py,cruxeval,easy,1,0,0,0,0,0,0,0,0
/home/changshu/Benchmark/dataset/cruxeval/code/sample_383.py,cruxeval,easy,2,1,0,0,0,0,0,1,0
/home/changshu/Benchmark/dataset/cruxeval/code/sample_500.py,cruxeval,easy,1,0,0,0,0,0,0,0,0
/home/changshu/Benchmark/dataset/cruxeval/code/sample_553.py,cruxeval,easy,2,0,0,0,0,0,0,2,0
/home/changshu/Benchmark/dataset/cruxeval/code/sample_28.py,cruxeval,easy,1,0,0,0,0,0,0,1,0
/home/changshu/Benchmark/dataset/cruxeval/code/sample_478.py,cruxeval,easy,2,0,0,0,0,0,0,2,0
/home/changshu/Benchmark/dataset/cruxeval/code/sample_272.py,cruxeval,easy,2,1,0,0,0,0,0,2,0
/home/changshu/Benchmark/dataset/cruxeval/code/sample_338.py,cruxeval,easy,1,0,0,1,0,0,0,3,0
/home/changshu/Benchmark/dataset/cruxeval/code/sample_168.py,cruxeval,easy,1,0,0,0,0,0,0,1,0
/home/changshu/Benchmark/dataset/cruxeval/code/sample_432.py,cruxeval,easy,2,1,0,0,0,0,0,0,0
/home/changshu/Benchmark/dataset/cruxeval/code/sample_672.py,cruxeval,easy,2,1,0,0,0,0,0,2,0
/home/changshu/Benchmark/dataset/cruxeval/code/sample_778.py,cruxeval,easy,2,0,0,0,0,0,0,0,0
/home/changshu/Benchmark/dataset/cruxeval/code/sample_221.py,cruxeval,easy,1,0,0,0,0,0,0,2,0
/home/changshu/Benchmark/dataset/cruxeval/code/sample_716.py,cruxeval,easy,2,1,0,0,0,0,0,1,0
/home/changshu/Benchmark/dataset/cruxeval/code/sample_250.py,cruxeval,easy,2,1,0,0,0,0,0,3,0
/home/changshu/Benchmark/dataset/cruxeval/code/sample_215.py,cruxeval,easy,2,1,0,0,0,0,0,2,0
/home/changshu/Benchmark/dataset/cruxeval/code/sample_240.py,cruxeval,easy,2,1,0,0,0,0,0,2,0
/home/changshu/Benchmark/dataset/cruxeval/code/sample_142.py,cruxeval,easy,2,0,0,0,0,0,0,0,0
/home/changshu/Benchmark/dataset/cruxeval/code/sample_507.py,cruxeval,easy,1,0,0,0,0,0,0,1,0
/home/changshu/Benchmark/dataset/cruxeval/code/sample_160.py,cruxeval,easy,2,1,0,0,0,0,0,0,0
/home/changshu/Benchmark/dataset/cruxeval/code/sample_297.py,cruxeval,easy,2,1,0,0,0,0,0,0,0
/home/changshu/Benchmark/dataset/cruxeval/code/sample_444.py,cruxeval,easy,2,2,0,0,0,0,0,2,0
/home/changshu/Benchmark/dataset/cruxeval/code/sample_732.py,cruxeval,easy,2,0,0,0,0,0,0,3,0
/home/changshu/Benchmark/dataset/cruxeval/code/sample_649.py,cruxeval,easy,1,0,0,1,0,0,0,1,1
/home/changshu/Benchmark/dataset/cruxeval/code/sample_762.py,cruxeval,easy,1,0,0,0,0,0,0,2,0
/home/changshu/Benchmark/dataset/cruxeval/code/sample_689.py,cruxeval,easy,2,0,0,0,0,0,0,3,0
/home/changshu/Benchmark/dataset/cruxeval/code/sample_4.py,cruxeval,easy,1,0,0,0,0,0,0,1,0
/home/changshu/Benchmark/dataset/cruxeval/code/sample_401.py,cruxeval,easy,2,1,0,0,0,0,0,0,0
/home/changshu/Benchmark/dataset/cruxeval/code/sample_237.py,cruxeval,easy,2,1,0,0,0,0,0,3,0
/home/changshu/Benchmark/dataset/cruxeval/code/sample_132.py,cruxeval,easy,2,0,0,0,0,0,0,0,0
/home/changshu/Benchmark/dataset/cruxeval/code/sample_697.py,cruxeval,easy,1,0,0,0,0,0,0,4,0
/home/changshu/Benchmark/dataset/cruxeval/code/sample_15.py,cruxeval,easy,1,0,0,0,0,0,0,1,0
/home/changshu/Benchmark/dataset/cruxeval/code/sample_62.py,cruxeval,easy,2,1,0,0,0,0,0,0,0
/home/changshu/Benchmark/dataset/cruxeval/code/sample_66.py,cruxeval,easy,2,0,0,0,0,0,0,1,0
/home/changshu/Benchmark/dataset/cruxeval/code/sample_1.py,cruxeval,easy,2,0,0,0,0,0,0,2,0
/home/changshu/Benchmark/dataset/cruxeval/code/sample_322.py,cruxeval,easy,2,0,0,0,0,0,0,2,0
/home/changshu/Benchmark/dataset/cruxeval/code/sample_276.py,cruxeval,easy,2,1,0,0,0,0,0,0,0
/home/changshu/Benchmark/dataset/cruxeval/code/sample_16.py,cruxeval,easy,2,0,0,0,0,0,0,0,0
/home/changshu/Benchmark/dataset/cruxeval/code/sample_631.py,cruxeval,easy,1,0,0,0,0,0,0,2,0
/home/changshu/Benchmark/dataset/cruxeval/code/sample_396.py,cruxeval,easy,2,0,0,0,0,0,0,2,0
/home/changshu/Benchmark/dataset/cruxeval/code/sample_365.py,cruxeval,easy,2,0,0,0,0,0,0,2,0
/home/changshu/Benchmark/dataset/cruxeval/code/sample_630.py,cruxeval,easy,2,0,0,0,0,0,0,3,0
/home/changshu/Benchmark/dataset/cruxeval/code/sample_645.py,cruxeval,easy,3,1,0,0,0,0,0,0,0
/home/changshu/Benchmark/dataset/cruxeval/code/sample_431.py,cruxeval,easy,2,1,0,0,0,0,0,2,0
/home/changshu/Benchmark/dataset/cruxeval/code/sample_317.py,cruxeval,easy,1,0,0,0,0,0,0,1,0
/home/changshu/Benchmark/dataset/cruxeval/code/sample_51.py,cruxeval,easy,3,1,0,0,0,0,0,1,0
/home/changshu/Benchmark/dataset/cruxeval/code/sample_212.py,cruxeval,easy,2,1,0,0,0,0,0,1,0
/home/changshu/Benchmark/dataset/cruxeval/code/sample_448.py,cruxeval,easy,2,1,0,0,0,0,0,1,0
/home/changshu/Benchmark/dataset/cruxeval/code/sample_619.py,cruxeval,easy,1,0,0,0,0,0,0,0,0
/home/changshu/Benchmark/dataset/cruxeval/code/sample_770.py,cruxeval,easy,2,2,0,0,0,0,0,3,0
/home/changshu/Benchmark/dataset/cruxeval/code/sample_280.py,cruxeval,easy,2,0,0,0,0,0,0,3,0
/home/changshu/Benchmark/dataset/cruxeval/code/sample_681.py,cruxeval,easy,1,0,0,0,0,0,0,0,0
/home/changshu/Benchmark/dataset/cruxeval/code/sample_300.py,cruxeval,easy,2,1,0,0,0,0,0,2,0
/home/changshu/Benchmark/dataset/cruxeval/code/sample_12.py,cruxeval,easy,2,1,0,0,0,0,0,2,0
/home/changshu/Benchmark/dataset/cruxeval/code/sample_725.py,cruxeval,easy,2,0,0,1,0,0,0,1,1
/home/changshu/Benchmark/dataset/cruxeval/code/sample_75.py,cruxeval,easy,1,0,0,0,0,0,0,1,0
/home/changshu/Benchmark/dataset/cruxeval/code/sample_14.py,cruxeval,easy,1,0,0,0,0,0,0,1,0
/home/changshu/Benchmark/dataset/cruxeval/code/sample_222.py,cruxeval,easy,2,1,0,0,0,0,0,1,0
/home/changshu/Benchmark/dataset/cruxeval/code/sample_248.py,cruxeval,easy,1,0,0,0,0,0,0,0,0
/home/changshu/Benchmark/dataset/cruxeval/code/sample_126.py,cruxeval,easy,1,0,0,0,0,0,0,3,0
/home/changshu/Benchmark/dataset/cruxeval/code/sample_38.py,cruxeval,easy,1,0,0,0,0,0,0,0,0
/home/changshu/Benchmark/dataset/cruxeval/code/sample_298.py,cruxeval,easy,2,0,0,0,0,0,0,4,0
/home/changshu/Benchmark/dataset/cruxeval/code/sample_204.py,cruxeval,easy,1,0,0,1,0,0,0,0,1
/home/changshu/Benchmark/dataset/cruxeval/code/sample_304.py,cruxeval,easy,1,0,0,4,0,0,0,4,0
/home/changshu/Benchmark/dataset/cruxeval/code/sample_486.py,cruxeval,easy,2,0,0,0,0,0,0,3,0
/home/changshu/Benchmark/dataset/cruxeval/code/sample_519.py,cruxeval,easy,1,0,0,0,0,0,0,0,0
/home/changshu/Benchmark/dataset/cruxeval/code/sample_731.py,cruxeval,easy,1,0,0,0,0,0,0,0,0
/home/changshu/Benchmark/dataset/cruxeval/code/sample_761.py,cruxeval,easy,1,0,0,0,0,0,0,1,0
/home/changshu/Benchmark/dataset/cruxeval/code/sample_192.py,cruxeval,easy,2,0,0,0,0,0,0,2,0
/home/changshu/Benchmark/dataset/cruxeval/code/sample_570.py,cruxeval,easy,2,1,0,0,0,0,0,0,0
/home/changshu/Benchmark/dataset/cruxeval/code/sample_191.py,cruxeval,easy,2,0,0,0,0,0,0,0,0
/home/changshu/Benchmark/dataset/cruxeval/code/sample_361.py,cruxeval,easy,1,0,0,0,0,0,0,0,0
/home/changshu/Benchmark/dataset/cruxeval/code/sample_390.py,cruxeval,easy,2,1,0,0,0,0,0,0,0
/home/changshu/Benchmark/dataset/cruxeval/code/sample_319.py,cruxeval,easy,2,1,0,0,0,0,0,2,0
/home/changshu/Benchmark/dataset/cruxeval/code/sample_546.py,cruxeval,easy,2,0,0,0,0,0,0,1,0
/home/changshu/Benchmark/dataset/cruxeval/code/sample_479.py,cruxeval,easy,1,0,0,0,0,0,0,0,0
/home/changshu/Benchmark/dataset/cruxeval/code/sample_312.py,cruxeval,easy,2,0,0,0,0,0,0,0,0
/home/changshu/Benchmark/dataset/cruxeval/code/sample_588.py,cruxeval,easy,2,1,0,0,0,0,0,0,0
/home/changshu/Benchmark/dataset/cruxeval/code/sample_412.py,cruxeval,easy,2,2,0,0,0,0,0,1,0
/home/changshu/Benchmark/dataset/cruxeval/code/sample_434.py,cruxeval,easy,4,0,0,0,0,0,0,0,0
/home/changshu/Benchmark/dataset/cruxeval/code/sample_727.py,cruxeval,easy,1,0,0,1,0,0,0,1,0
/home/changshu/Benchmark/dataset/cruxeval/code/sample_720.py,cruxeval,easy,2,1,0,0,0,0,0,0,0
/home/changshu/Benchmark/dataset/cruxeval/code/sample_153.py,cruxeval,easy,1,0,0,0,0,0,0,1,0
/home/changshu/Benchmark/dataset/cruxeval/code/sample_309.py,cruxeval,easy,2,1,0,0,0,0,0,1,0
/home/changshu/Benchmark/dataset/cruxeval/code/sample_196.py,cruxeval,easy,2,0,0,0,0,0,0,1,0
/home/changshu/Benchmark/dataset/cruxeval/code/sample_403.py,cruxeval,easy,2,1,0,0,0,0,0,4,0
/home/changshu/Benchmark/dataset/cruxeval/code/sample_571.py,cruxeval,easy,1,0,0,0,0,0,0,0,0
/home/changshu/Benchmark/dataset/cruxeval/code/sample_141.py,cruxeval,easy,1,0,0,1,0,0,0,1,1
/home/changshu/Benchmark/dataset/cruxeval/code/sample_721.py,cruxeval,easy,2,0,0,0,0,0,0,2,0
/home/changshu/Benchmark/dataset/cruxeval/code/sample_247.py,cruxeval,easy,3,1,0,0,0,0,0,0,0
/home/changshu/Benchmark/dataset/cruxeval/code/sample_143.py,cruxeval,easy,1,0,0,0,0,0,0,0,0
/home/changshu/Benchmark/dataset/cruxeval/code/sample_714.py,cruxeval,easy,1,0,0,0,0,0,0,0,0
/home/changshu/Benchmark/dataset/cruxeval/code/sample_74.py,cruxeval,easy,1,0,0,0,0,0,0,0,0
/home/changshu/Benchmark/dataset/cruxeval/code/sample_171.py,cruxeval,easy,2,0,0,0,0,0,0,2,0
/home/changshu/Benchmark/dataset/cruxeval/code/sample_782.py,cruxeval,easy,3,0,1,0,0,0,0,1,0
/home/changshu/Benchmark/dataset/cruxeval/code/sample_232.py,cruxeval,easy,2,0,0,0,0,0,0,4,0
/home/changshu/Benchmark/dataset/cruxeval/code/sample_690.py,cruxeval,easy,2,1,0,0,0,0,0,0,0
/home/changshu/Benchmark/dataset/cruxeval/code/sample_164.py,cruxeval,easy,1,0,0,0,0,0,0,0,0
/home/changshu/Benchmark/dataset/cruxeval/code/sample_590.py,cruxeval,easy,2,1,0,0,0,0,0,2,0
/home/changshu/Benchmark/dataset/cruxeval/code/sample_93.py,cruxeval,easy,1,0,0,0,0,0,0,3,0
/home/changshu/Benchmark/dataset/cruxeval/code/sample_586.py,cruxeval,easy,1,0,0,0,0,0,0,0,0
/home/changshu/Benchmark/dataset/cruxeval/code/sample_127.py,cruxeval,easy,1,0,0,0,0,0,0,1,0
/home/changshu/Benchmark/dataset/cruxeval/code/sample_746.py,cruxeval,easy,2,0,0,0,0,0,0,4,0
/home/changshu/Benchmark/dataset/cruxeval/code/sample_159.py,cruxeval,easy,2,0,0,0,0,0,0,2,0
/home/changshu/Benchmark/dataset/cruxeval/code/sample_766.py,cruxeval,easy,1,0,0,0,0,0,0,2,0
/home/changshu/Benchmark/dataset/cruxeval/code/sample_513.py,cruxeval,easy,4,3,0,0,0,0,0,0,0
/home/changshu/Benchmark/dataset/cruxeval/code/sample_733.py,cruxeval,easy,1,0,0,0,0,0,0,3,0
/home/changshu/Benchmark/dataset/cruxeval/code/sample_745.py,cruxeval,easy,2,1,0,0,0,0,0,2,0
/home/changshu/Benchmark/dataset/cruxeval/code/sample_605.py,cruxeval,easy,1,0,0,0,0,0,0,0,0
/home/changshu/Benchmark/dataset/cruxeval/code/sample_469.py,cruxeval,easy,2,1,0,0,0,0,0,3,0
/home/changshu/Benchmark/dataset/cruxeval/code/sample_39.py,cruxeval,easy,2,1,0,0,0,0,0,0,0
/home/changshu/Benchmark/dataset/cruxeval/code/sample_346.py,cruxeval,easy,1,0,0,0,0,0,0,2,0
/home/changshu/Benchmark/dataset/cruxeval/code/sample_41.py,cruxeval,easy,2,0,0,0,0,0,0,1,0
/home/changshu/Benchmark/dataset/cruxeval/code/sample_541.py,cruxeval,easy,1,0,0,0,0,0,0,0,0
/home/changshu/Benchmark/dataset/cruxeval/code/sample_311.py,cruxeval,easy,1,0,0,0,0,0,0,1,0
/home/changshu/Benchmark/dataset/cruxeval/code/sample_641.py,cruxeval,easy,1,0,0,0,0,0,0,0,0
/home/changshu/Benchmark/dataset/cruxeval/code/sample_740.py,cruxeval,easy,2,1,0,0,0,0,0,3,0
/home/changshu/Benchmark/dataset/cruxeval/code/sample_604.py,cruxeval,easy,1,0,0,0,0,0,0,0,0
/home/changshu/Benchmark/dataset/cruxeval/code/sample_290.py,cruxeval,easy,3,1,0,0,0,0,0,0,0
/home/changshu/Benchmark/dataset/cruxeval/code/sample_413.py,cruxeval,easy,1,0,0,0,0,0,0,0,0
/home/changshu/Benchmark/dataset/cruxeval/code/sample_264.py,cruxeval,easy,1,0,0,0,0,0,0,1,0
/home/changshu/Benchmark/dataset/cruxeval/code/sample_611.py,cruxeval,easy,1,0,0,0,0,0,0,0,0
/home/changshu/Benchmark/dataset/cruxeval/code/sample_140.py,cruxeval,easy,2,1,0,0,0,0,0,0,0
/home/changshu/Benchmark/dataset/cruxeval/code/sample_521.py,cruxeval,easy,2,0,0,0,0,0,0,2,0
/home/changshu/Benchmark/dataset/cruxeval/code/sample_393.py,cruxeval,easy,2,2,0,0,0,0,0,3,0
/home/changshu/Benchmark/dataset/cruxeval/code/sample_387.py,cruxeval,easy,1,0,0,0,0,0,0,0,0
/home/changshu/Benchmark/dataset/cruxeval/code/sample_275.py,cruxeval,easy,1,0,0,0,0,0,0,1,0
/home/changshu/Benchmark/dataset/cruxeval/code/sample_785.py,cruxeval,easy,2,0,0,0,0,0,0,2,0
/home/changshu/Benchmark/dataset/cruxeval/code/sample_597.py,cruxeval,easy,1,0,0,0,0,0,0,0,0
/home/changshu/Benchmark/dataset/cruxeval/code/sample_345.py,cruxeval,easy,2,1,0,0,0,0,0,0,0
/home/changshu/Benchmark/dataset/cruxeval/code/sample_340.py,cruxeval,easy,2,1,0,0,0,0,0,1,0
/home/changshu/Benchmark/dataset/cruxeval/code/sample_573.py,cruxeval,easy,2,0,0,0,0,0,0,0,0
/home/changshu/Benchmark/dataset/cruxeval/code/sample_285.py,cruxeval,easy,1,0,0,0,0,0,0,0,0
/home/changshu/Benchmark/dataset/cruxeval/code/sample_186.py,cruxeval,easy,1,0,0,0,0,0,0,0,0
/home/changshu/Benchmark/dataset/cruxeval/code/sample_92.py,cruxeval,easy,1,0,0,0,0,0,0,0,0
/home/changshu/Benchmark/dataset/cruxeval/code/sample_784.py,cruxeval,easy,1,0,0,0,0,0,0,1,0
/home/changshu/Benchmark/dataset/cruxeval/code/sample_198.py,cruxeval,easy,1,0,0,0,0,0,0,0,0
/home/changshu/Benchmark/dataset/cruxeval/code/sample_239.py,cruxeval,easy,1,0,0,0,0,0,0,1,0
/home/changshu/Benchmark/dataset/cruxeval/code/sample_698.py,cruxeval,easy,1,1,0,1,0,0,0,1,0
/home/changshu/Benchmark/dataset/cruxeval/code/sample_165.py,cruxeval,easy,1,0,0,0,0,0,0,0,0
/home/changshu/Benchmark/dataset/cruxeval/code/sample_608.py,cruxeval,easy,1,0,0,1,0,0,0,1,1
/home/changshu/Benchmark/dataset/cruxeval/code/sample_477.py,cruxeval,easy,2,1,0,0,0,0,0,3,0
/home/changshu/Benchmark/dataset/cruxeval/code/sample_626.py,cruxeval,easy,1,0,0,1,0,0,0,2,0
/home/changshu/Benchmark/dataset/cruxeval/code/sample_336.py,cruxeval,easy,1,0,0,0,0,0,0,1,0
/home/changshu/Benchmark/dataset/cruxeval/code/sample_410.py,cruxeval,easy,2,0,0,0,0,0,0,2,0
/home/changshu/Benchmark/dataset/cruxeval/code/sample_220.py,cruxeval,easy,2,1,0,0,0,0,0,3,0
/home/changshu/Benchmark/dataset/cruxeval/code/sample_8.py,cruxeval,easy,2,1,0,0,0,0,0,0,0
/home/changshu/Benchmark/dataset/cruxeval/code/sample_359.py,cruxeval,easy,2,0,0,0,0,0,0,1,0
/home/changshu/Benchmark/dataset/cruxeval/code/sample_381.py,cruxeval,easy,1,0,0,0,0,0,0,1,0
/home/changshu/Benchmark/dataset/cruxeval/code/sample_225.py,cruxeval,easy,2,0,0,0,0,0,0,0,0
/home/changshu/Benchmark/dataset/cruxeval/code/sample_482.py,cruxeval,easy,1,0,0,0,0,0,0,0,0
/home/changshu/Benchmark/dataset/cruxeval/code/sample_501.py,cruxeval,easy,2,1,0,0,0,0,0,2,0
/home/changshu/Benchmark/dataset/cruxeval/code/sample_228.py,cruxeval,easy,1,0,0,0,0,0,0,0,0
/home/changshu/Benchmark/dataset/cruxeval/code/sample_351.py,cruxeval,easy,4,1,0,0,0,0,0,1,0
/home/changshu/Benchmark/dataset/cruxeval/code/sample_537.py,cruxeval,easy,2,0,0,0,0,0,0,2,0
/home/changshu/Benchmark/dataset/cruxeval/code/sample_95.py,cruxeval,easy,1,0,0,1,0,0,0,2,0
/home/changshu/Benchmark/dataset/cruxeval/code/sample_644.py,cruxeval,easy,2,1,0,0,0,0,0,1,0
/home/changshu/Benchmark/dataset/cruxeval/code/sample_676.py,cruxeval,easy,1,0,0,0,0,0,0,0,0
/home/changshu/Benchmark/dataset/cruxeval/code/sample_589.py,cruxeval,easy,1,0,0,0,0,0,0,0,0
/home/changshu/Benchmark/dataset/cruxeval/code/sample_564.py,cruxeval,easy,1,0,0,0,0,0,0,0,0
/home/changshu/Benchmark/dataset/cruxeval/code/sample_647.py,cruxeval,easy,1,0,0,0,0,0,0,0,0
/home/changshu/Benchmark/dataset/cruxeval/code/sample_798.py,cruxeval,easy,2,1,0,0,0,0,0,0,0
/home/changshu/Benchmark/dataset/cruxeval/code/sample_69.py,cruxeval,easy,2,1,0,0,0,0,0,1,0
/home/changshu/Benchmark/dataset/cruxeval/code/sample_355.py,cruxeval,easy,1,0,0,0,0,0,0,0,0
/home/changshu/Benchmark/dataset/cruxeval/code/sample_73.py,cruxeval,easy,1,0,0,0,0,0,0,0,0
/home/changshu/Benchmark/dataset/cruxeval/code/sample_397.py,cruxeval,easy,1,0,0,0,0,0,0,0,0
/home/changshu/Benchmark/dataset/cruxeval/code/sample_179.py,cruxeval,easy,2,1,0,0,0,0,0,3,0
/home/changshu/Benchmark/dataset/cruxeval/code/sample_655.py,cruxeval,easy,1,0,0,0,0,0,0,0,0
/home/changshu/Benchmark/dataset/cruxeval/code/sample_399.py,cruxeval,easy,4,3,0,0,0,0,0,1,0
/home/changshu/Benchmark/dataset/cruxeval/code/sample_520.py,cruxeval,easy,2,1,0,0,0,0,0,0,0
/home/changshu/Benchmark/dataset/cruxeval/code/sample_702.py,cruxeval,easy,2,3,0,0,0,0,0,2,0
/home/changshu/Benchmark/dataset/cruxeval/code/sample_790.py,cruxeval,easy,1,0,0,0,0,0,0,1,0
/home/changshu/Benchmark/dataset/cruxeval/code/sample_316.py,cruxeval,easy,1,0,0,0,0,0,0,0,0
/home/changshu/Benchmark/dataset/cruxeval/code/sample_24.py,cruxeval,easy,1,0,0,0,0,0,0,0,0
/home/changshu/Benchmark/dataset/cruxeval/code/sample_621.py,cruxeval,easy,4,0,0,0,0,0,0,0,0
/home/changshu/Benchmark/dataset/cruxeval/code/sample_542.py,cruxeval,easy,4,0,0,0,0,0,0,0,0
/home/changshu/Benchmark/dataset/cruxeval/code/sample_307.py,cruxeval,easy,2,1,0,0,0,0,0,2,0
/home/changshu/Benchmark/dataset/cruxeval/code/sample_554.py,cruxeval,easy,1,0,0,0,0,0,0,0,0
/home/changshu/Benchmark/dataset/cruxeval/code/sample_80.py,cruxeval,easy,1,0,0,0,0,0,0,0,0
/home/changshu/Benchmark/dataset/cruxeval/code/sample_108.py,cruxeval,easy,2,1,0,0,0,0,0,2,0
/home/changshu/Benchmark/dataset/cruxeval/code/sample_751.py,cruxeval,easy,2,1,0,0,0,0,0,1,0
/home/changshu/Benchmark/dataset/cruxeval/code/sample_779.py,cruxeval,easy,1,0,0,0,0,0,0,1,0
/home/changshu/Benchmark/dataset/cruxeval/code/sample_287.py,cruxeval,easy,2,0,0,0,0,0,0,1,0
/home/changshu/Benchmark/dataset/cruxeval/code/sample_675.py,cruxeval,easy,1,0,0,0,0,0,0,0,0
/home/changshu/Benchmark/dataset/cruxeval/code/sample_313.py,cruxeval,easy,1,0,0,0,0,0,0,0,0
/home/changshu/Benchmark/dataset/cruxeval/code/sample_406.py,cruxeval,easy,1,0,0,0,0,0,0,1,0
/home/changshu/Benchmark/dataset/cruxeval/code/sample_547.py,cruxeval,easy,1,0,0,0,0,0,0,1,0
/home/changshu/Benchmark/dataset/cruxeval/code/sample_156.py,cruxeval,easy,2,1,0,0,0,0,0,0,0
/home/changshu/Benchmark/dataset/cruxeval/code/sample_749.py,cruxeval,easy,2,0,0,0,0,0,0,3,0
/home/changshu/Benchmark/dataset/cruxeval/code/sample_704.py,cruxeval,easy,2,1,0,0,0,0,0,3,0
/home/changshu/Benchmark/dataset/cruxeval/code/sample_496.py,cruxeval,easy,2,0,0,0,0,0,0,0,0
/home/changshu/Benchmark/dataset/cruxeval/code/sample_420.py,cruxeval,easy,4,0,0,0,0,0,0,0,0
/home/changshu/Benchmark/dataset/cruxeval/code/sample_343.py,cruxeval,easy,1,0,0,0,0,0,0,0,0
/home/changshu/Benchmark/dataset/cruxeval/code/sample_193.py,cruxeval,easy,1,0,0,0,0,0,0,1,0
/home/changshu/Benchmark/dataset/cruxeval/code/sample_270.py,cruxeval,easy,2,0,0,0,0,0,0,2,0
/home/changshu/Benchmark/dataset/cruxeval/code/sample_154.py,cruxeval,easy,1,0,0,0,0,0,0,1,0
/home/changshu/Benchmark/dataset/cruxeval/code/sample_540.py,cruxeval,easy,2,1,0,0,0,0,0,2,0
/home/changshu/Benchmark/dataset/cruxeval/code/sample_54.py,cruxeval,easy,2,1,0,0,0,0,0,1,0
/home/changshu/Benchmark/dataset/cruxeval/code/sample_756.py,cruxeval,easy,2,1,0,1,0,0,0,1,0
/home/changshu/Benchmark/dataset/cruxeval/code/sample_662.py,cruxeval,easy,1,0,0,1,0,0,0,1,1
/home/changshu/Benchmark/dataset/cruxeval/code/sample_182.py,cruxeval,easy,1,0,0,2,0,0,0,0,0
/home/changshu/Benchmark/dataset/cruxeval/code/sample_70.py,cruxeval,easy,2,0,0,0,0,0,0,2,0
/home/changshu/Benchmark/dataset/cruxeval/code/sample_650.py,cruxeval,easy,2,0,0,0,0,0,0,1,0
/home/changshu/Benchmark/dataset/cruxeval/code/sample_87.py,cruxeval,easy,1,0,0,0,0,0,0,0,0
/home/changshu/Benchmark/dataset/cruxeval/code/sample_98.py,cruxeval,easy,1,0,0,1,0,0,0,1,1
/home/changshu/Benchmark/dataset/cruxeval/code/sample_50.py,cruxeval,easy,1,0,0,1,0,0,0,1,1
/home/changshu/Benchmark/dataset/cruxeval/code/sample_557.py,cruxeval,easy,1,0,0,0,0,0,0,1,0
/home/changshu/Benchmark/dataset/cruxeval/code/sample_233.py,cruxeval,easy,2,2,0,0,0,0,0,1,0
/home/changshu/Benchmark/dataset/cruxeval/code/sample_436.py,cruxeval,easy,1,0,0,1,0,0,0,1,1
/home/changshu/Benchmark/dataset/cruxeval/code/sample_418.py,cruxeval,easy,2,1,0,0,0,0,0,4,0
/home/changshu/Benchmark/dataset/cruxeval/code/sample_735.py,cruxeval,easy,2,1,0,0,0,0,0,1,0
/home/changshu/Benchmark/dataset/cruxeval/code/sample_207.py,cruxeval,easy,2,0,0,0,0,0,0,2,0
/home/changshu/Benchmark/dataset/cruxeval/code/sample_572.py,cruxeval,easy,2,3,0,0,0,0,0,3,0
/home/changshu/Benchmark/dataset/cruxeval/code/sample_217.py,cruxeval,easy,2,0,0,0,0,0,0,0,0
/home/changshu/Benchmark/dataset/cruxeval/code/sample_612.py,cruxeval,easy,1,0,0,0,0,0,0,0,0
/home/changshu/Benchmark/dataset/cruxeval/code/sample_213.py,cruxeval,easy,1,0,0,0,0,0,0,0,0
/home/changshu/Benchmark/dataset/cruxeval/code/sample_302.py,cruxeval,easy,1,0,0,0,0,0,0,0,0
/home/changshu/Benchmark/dataset/cruxeval/code/sample_203.py,cruxeval,easy,1,0,0,0,0,0,0,0,0
/home/changshu/Benchmark/dataset/cruxeval/code/sample_489.py,cruxeval,easy,1,0,0,0,0,0,0,0,0
/home/changshu/Benchmark/dataset/cruxeval/code/sample_696.py,cruxeval,easy,2,0,0,0,0,0,0,2,0
/home/changshu/Benchmark/dataset/cruxeval/code/sample_617.py,cruxeval,easy,2,0,0,0,0,0,0,0,0
/home/changshu/Benchmark/dataset/cruxeval/code/sample_135.py,cruxeval,easy,1,0,0,2,0,0,0,1,2
/home/changshu/Benchmark/dataset/cruxeval/code/sample_426.py,cruxeval,easy,1,0,0,0,0,0,0,0,0
/home/changshu/Benchmark/dataset/cruxeval/code/sample_774.py,cruxeval,easy,1,0,0,0,0,0,0,1,0
/home/changshu/Benchmark/dataset/cruxeval/code/sample_63.py,cruxeval,easy,2,0,0,0,0,0,0,1,0
/home/changshu/Benchmark/dataset/cruxeval/code/sample_446.py,cruxeval,easy,2,1,0,0,0,0,0,1,0
/home/changshu/Benchmark/dataset/cruxeval/code/sample_178.py,cruxeval,easy,1,0,0,0,0,0,0,0,0
/home/changshu/Benchmark/dataset/cruxeval/code/sample_81.py,cruxeval,easy,2,0,0,0,0,0,0,0,0
/home/changshu/Benchmark/dataset/cruxeval/code/sample_460.py,cruxeval,easy,2,1,0,0,0,0,0,3,0
/home/changshu/Benchmark/dataset/cruxeval/code/sample_296.py,cruxeval,easy,1,0,0,0,0,0,0,0,0
/home/changshu/Benchmark/dataset/cruxeval/code/sample_335.py,cruxeval,easy,2,1,0,0,0,0,0,2,0
/home/changshu/Benchmark/dataset/cruxeval/code/sample_594.py,cruxeval,easy,1,0,0,0,0,0,0,0,0
/home/changshu/Benchmark/dataset/cruxeval/code/sample_354.py,cruxeval,easy,2,1,0,0,0,0,0,1,0
/home/changshu/Benchmark/dataset/cruxeval/code/sample_593.py,cruxeval,easy,2,1,0,0,0,0,0,2,0
/home/changshu/Benchmark/dataset/cruxeval/code/sample_42.py,cruxeval,easy,2,0,0,0,0,0,0,1,0
/home/changshu/Benchmark/dataset/cruxeval/code/sample_377.py,cruxeval,easy,1,0,0,0,0,0,0,0,0
/home/changshu/Benchmark/dataset/cruxeval/code/sample_497.py,cruxeval,easy,2,0,0,0,0,0,0,2,0
/home/changshu/Benchmark/dataset/cruxeval/code/sample_490.py,cruxeval,easy,1,0,0,1,0,0,0,1,1
/home/changshu/Benchmark/dataset/cruxeval/code/sample_331.py,cruxeval,easy,2,1,0,0,0,0,0,2,0
/home/changshu/Benchmark/dataset/cruxeval/code/sample_752.py,cruxeval,easy,1,0,0,0,0,0,0,0,0
/home/changshu/Benchmark/dataset/cruxeval/code/sample_176.py,cruxeval,easy,1,0,0,0,0,0,0,2,0
/home/changshu/Benchmark/dataset/cruxeval/code/sample_439.py,cruxeval,easy,1,0,0,0,0,0,0,1,0
/home/changshu/Benchmark/dataset/cruxeval/code/sample_40.py,cruxeval,easy,1,0,0,0,0,0,0,0,0
/home/changshu/Benchmark/dataset/cruxeval/code/sample_703.py,cruxeval,easy,1,0,0,0,0,0,0,1,0
/home/changshu/Benchmark/dataset/cruxeval/code/sample_450.py,cruxeval,easy,2,0,0,0,0,0,0,2,0
/home/changshu/Benchmark/dataset/cruxeval/code/sample_566.py,cruxeval,easy,6,0,0,0,0,0,0,1,0
/home/changshu/Benchmark/dataset/cruxeval/code/sample_23.py,cruxeval,easy,3,1,0,0,0,0,0,1,0
/home/changshu/Benchmark/dataset/cruxeval/code/sample_620.py,cruxeval,easy,1,0,0,0,0,0,0,0,0
/home/changshu/Benchmark/dataset/cruxeval/code/sample_581.py,cruxeval,easy,2,0,0,0,0,0,0,4,0
/home/changshu/Benchmark/dataset/cruxeval/code/sample_454.py,cruxeval,easy,2,0,0,0,0,0,0,3,0
/home/changshu/Benchmark/dataset/cruxeval/code/sample_167.py,cruxeval,easy,2,1,0,0,0,0,0,3,0
/home/changshu/Benchmark/dataset/cruxeval/code/sample_88.py,cruxeval,easy,2,0,0,0,0,0,0,1,0
/home/changshu/Benchmark/dataset/cruxeval/code/sample_77.py,cruxeval,easy,1,0,0,0,0,0,0,1,0
/home/changshu/Benchmark/dataset/cruxeval/code/sample_467.py,cruxeval,easy,2,0,0,0,0,0,0,3,0
/home/changshu/Benchmark/dataset/cruxeval/code/sample_25.py,cruxeval,easy,1,0,0,0,0,0,0,1,0
/home/changshu/Benchmark/dataset/cruxeval/code/sample_543.py,cruxeval,easy,1,0,0,0,0,0,0,1,0
/home/changshu/Benchmark/dataset/cruxeval/code/sample_114.py,cruxeval,easy,1,0,0,0,0,0,0,0,0
/home/changshu/Benchmark/dataset/cruxeval/code/sample_437.py,cruxeval,easy,2,0,0,0,0,0,0,2,0
/home/changshu/Benchmark/dataset/cruxeval/code/sample_758.py,cruxeval,easy,2,1,0,0,0,0,0,0,0
/home/changshu/Benchmark/dataset/cruxeval/code/sample_494.py,cruxeval,easy,2,1,0,0,0,0,0,2,0
/home/changshu/Benchmark/dataset/cruxeval/code/sample_514.py,cruxeval,easy,2,0,0,0,0,0,0,2,0
/home/changshu/Benchmark/dataset/cruxeval/code/sample_559.py,cruxeval,easy,1,0,0,0,0,0,0,1,0
/home/changshu/Benchmark/dataset/cruxeval/code/sample_669.py,cruxeval,easy,2,1,0,0,0,0,0,3,0
/home/changshu/Benchmark/dataset/cruxeval/code/sample_755.py,cruxeval,easy,2,1,0,0,0,0,0,2,0
/home/changshu/Benchmark/dataset/cruxeval/code/sample_294.py,cruxeval,easy,2,1,0,0,0,0,0,4,0
/home/changshu/Benchmark/dataset/cruxeval/code/sample_653.py,cruxeval,easy,2,0,0,0,0,0,0,2,0
/home/changshu/Benchmark/dataset/cruxeval/code/sample_407.py,cruxeval,easy,2,1,0,0,0,0,0,0,0
/home/changshu/Benchmark/dataset/cruxeval/code/sample_615.py,cruxeval,easy,1,0,0,0,0,0,0,0,0
/home/changshu/Benchmark/dataset/cruxeval/code/sample_603.py,cruxeval,easy,2,0,0,1,0,0,0,1,1
/home/changshu/Benchmark/dataset/cruxeval/code/sample_260.py,cruxeval,easy,1,0,0,0,0,0,0,0,0
/home/changshu/Benchmark/dataset/cruxeval/code/sample_684.py,cruxeval,easy,1,0,0,0,0,0,0,1,0
/home/changshu/Benchmark/dataset/cruxeval/code/sample_295.py,cruxeval,easy,2,1,0,0,0,0,0,0,0
/home/changshu/Benchmark/dataset/cruxeval/code/sample_138.py,cruxeval,easy,2,0,0,0,0,0,0,4,0
/home/changshu/Benchmark/dataset/cruxeval/code/sample_757.py,cruxeval,easy,1,0,0,0,0,0,0,0,0
/home/changshu/Benchmark/dataset/cruxeval/code/sample_170.py,cruxeval,easy,1,0,0,0,0,0,0,0,0
/home/changshu/Benchmark/dataset/cruxeval/code/sample_743.py,cruxeval,easy,1,0,0,0,0,0,0,2,0
/home/changshu/Benchmark/dataset/cruxeval/code/sample_707.py,cruxeval,easy,2,1,0,0,0,0,0,3,0
/home/changshu/Benchmark/dataset/cruxeval/code/sample_786.py,cruxeval,easy,2,1,0,0,0,0,0,1,0
/home/changshu/Benchmark/dataset/cruxeval/code/sample_685.py,cruxeval,easy,1,0,0,0,0,0,0,0,0
/home/changshu/Benchmark/dataset/cruxeval/code/sample_103.py,cruxeval,easy,1,0,0,1,0,0,0,1,0
/home/changshu/Benchmark/dataset/cruxeval/code/sample_255.py,cruxeval,easy,3,2,0,0,0,0,0,1,0
/home/changshu/Benchmark/dataset/cruxeval/code/sample_634.py,cruxeval,easy,2,1,0,0,0,0,0,2,0
/home/changshu/Benchmark/dataset/cruxeval/code/sample_79.py,cruxeval,easy,1,0,0,0,0,0,0,1,0
/home/changshu/Benchmark/dataset/cruxeval/code/sample_526.py,cruxeval,easy,2,1,0,0,0,0,0,1,0
/home/changshu/Benchmark/dataset/cruxeval/code/sample_46.py,cruxeval,easy,1,0,0,0,0,0,0,0,0
/home/changshu/Benchmark/dataset/cruxeval/code/sample_453.py,cruxeval,easy,1,0,0,0,0,0,0,0,0
/home/changshu/Benchmark/dataset/cruxeval/code/sample_360.py,cruxeval,easy,2,1,0,0,0,0,0,1,0
/home/changshu/Benchmark/dataset/cruxeval/code/sample_323.py,cruxeval,easy,1,0,0,0,0,0,0,0,0
/home/changshu/Benchmark/dataset/cruxeval/code/sample_694.py,cruxeval,easy,1,0,0,0,0,0,0,2,0
/home/changshu/Benchmark/dataset/cruxeval/code/sample_122.py,cruxeval,easy,2,1,0,0,0,0,0,0,0
/home/changshu/Benchmark/dataset/cruxeval/code/sample_596.py,cruxeval,easy,2,1,0,0,0,0,0,1,0
/home/changshu/Benchmark/dataset/cruxeval/code/sample_449.py,cruxeval,easy,2,1,0,0,0,0,0,2,0
/home/changshu/Benchmark/dataset/cruxeval/code/sample_663.py,cruxeval,easy,2,1,0,0,0,0,0,2,0
/home/changshu/Benchmark/dataset/cruxeval/code/sample_585.py,cruxeval,easy,2,0,0,0,0,0,0,3,0
/home/changshu/Benchmark/dataset/cruxeval/code/sample_700.py,cruxeval,easy,1,0,0,0,0,0,0,0,0
/home/changshu/Benchmark/dataset/cruxeval/code/sample_94.py,cruxeval,easy,1,0,0,0,0,0,0,0,0
/home/changshu/Benchmark/dataset/cruxeval/code/sample_194.py,cruxeval,easy,1,0,0,1,0,0,0,0,1
/home/changshu/Benchmark/dataset/cruxeval/code/sample_124.py,cruxeval,easy,2,1,0,0,0,0,0,3,0
/home/changshu/Benchmark/dataset/cruxeval/code/sample_565.py,cruxeval,easy,1,0,0,1,0,0,0,1,0
/home/changshu/Benchmark/dataset/cruxeval/code/sample_67.py,cruxeval,easy,1,0,0,1,0,0,0,1,1
/home/changshu/Benchmark/dataset/cruxeval/code/sample_483.py,cruxeval,easy,1,0,0,0,0,0,0,0,0
/home/changshu/Benchmark/dataset/cruxeval/code/sample_458.py,cruxeval,easy,1,0,0,0,0,0,0,1,0
/home/changshu/Benchmark/dataset/cruxeval/code/sample_763.py,cruxeval,easy,1,0,0,0,0,0,0,0,0
/home/changshu/Benchmark/dataset/cruxeval/code/sample_89.py,cruxeval,easy,3,2,0,0,0,0,0,0,0
/home/changshu/Benchmark/dataset/cruxeval/code/sample_459.py,cruxeval,easy,2,0,0,0,0,0,0,1,0
/home/changshu/Benchmark/dataset/cruxeval/code/sample_281.py,cruxeval,easy,2,1,0,0,0,0,0,0,0
/home/changshu/Benchmark/dataset/cruxeval/code/sample_91.py,cruxeval,easy,1,0,0,0,0,0,0,1,0
/home/changshu/Benchmark/dataset/cruxeval/code/sample_369.py,cruxeval,easy,5,2,0,0,0,0,0,0,0
/home/changshu/Benchmark/dataset/cruxeval/code/sample_715.py,cruxeval,easy,1,0,0,0,0,0,0,0,0
/home/changshu/Benchmark/dataset/cruxeval/code/sample_200.py,cruxeval,easy,2,1,0,0,0,0,0,3,0
/home/changshu/Benchmark/dataset/cruxeval/code/sample_21.py,cruxeval,easy,1,0,0,1,0,0,0,1,1
/home/changshu/Benchmark/dataset/cruxeval/code/sample_3.py,cruxeval,easy,1,0,0,0,0,0,0,1,0
/home/changshu/Benchmark/dataset/cruxeval/code/sample_461.py,cruxeval,easy,1,0,0,0,0,0,0,0,0
/home/changshu/Benchmark/dataset/cruxeval/code/sample_602.py,cruxeval,easy,1,0,0,0,0,0,0,1,0
/home/changshu/Benchmark/dataset/cruxeval/code/sample_773.py,cruxeval,easy,1,0,0,0,0,0,0,0,0
/home/changshu/Benchmark/dataset/cruxeval/code/sample_253.py,cruxeval,easy,2,1,0,0,0,0,0,1,0
/home/changshu/Benchmark/dataset/cruxeval/code/sample_502.py,cruxeval,easy,1,0,0,0,0,0,0,0,0
/home/changshu/Benchmark/dataset/cruxeval/code/sample_618.py,cruxeval,easy,1,0,0,0,0,0,0,0,0
/home/changshu/Benchmark/dataset/cruxeval/code/sample_504.py,cruxeval,easy,1,0,0,0,0,0,0,0,0
/home/changshu/Benchmark/dataset/cruxeval/code/sample_511.py,cruxeval,easy,1,0,0,1,0,0,0,2,0
/home/changshu/Benchmark/dataset/cruxeval/code/sample_555.py,cruxeval,easy,1,0,0,0,0,0,0,1,0
/home/changshu/Benchmark/dataset/cruxeval/code/sample_416.py,cruxeval,easy,2,1,0,0,0,0,0,2,0
/home/changshu/Benchmark/dataset/cruxeval/code/sample_243.py,cruxeval,easy,1,0,0,0,0,0,0,0,0
/home/changshu/Benchmark/dataset/cruxeval/code/sample_267.py,cruxeval,easy,2,1,0,0,0,0,0,0,0
/home/changshu/Benchmark/dataset/cruxeval/code/sample_342.py,cruxeval,easy,1,0,0,0,0,0,0,0,0
/home/changshu/Benchmark/dataset/cruxeval/code/sample_509.py,cruxeval,easy,3,2,0,0,0,0,0,0,0
/home/changshu/Benchmark/dataset/cruxeval/code/sample_375.py,cruxeval,easy,2,1,0,0,0,0,0,0,0
/home/changshu/Benchmark/dataset/cruxeval/code/sample_524.py,cruxeval,easy,2,1,0,0,0,0,0,2,0
/home/changshu/Benchmark/dataset/cruxeval/code/sample_82.py,cruxeval,easy,1,0,0,0,0,0,0,0,0
/home/changshu/Benchmark/dataset/cruxeval/code/sample_78.py,cruxeval,easy,2,1,0,0,0,0,0,1,0
/home/changshu/Benchmark/dataset/cruxeval/code/sample_289.py,cruxeval,easy,1,0,0,0,0,0,0,0,0
/home/changshu/Benchmark/dataset/cruxeval/code/sample_206.py,cruxeval,easy,1,0,0,0,0,0,0,0,0
/home/changshu/Benchmark/dataset/cruxeval/code/sample_344.py,cruxeval,easy,1,0,0,0,0,0,0,1,0
/home/changshu/Benchmark/dataset/cruxeval/code/sample_101.py,cruxeval,easy,1,0,0,0,0,0,0,0,0
/home/changshu/Benchmark/dataset/cruxeval/code/sample_68.py,cruxeval,easy,2,0,0,0,0,0,0,2,0
/home/changshu/Benchmark/dataset/cruxeval/code/sample_787.py,cruxeval,easy,2,1,0,0,0,0,0,1,0
/home/changshu/Benchmark/dataset/cruxeval/code/sample_241.py,cruxeval,easy,1,0,0,0,0,0,0,0,0
/home/changshu/Benchmark/dataset/cruxeval/code/sample_518.py,cruxeval,easy,1,0,0,0,0,0,0,0,0
/home/changshu/Benchmark/dataset/cruxeval/code/sample_587.py,cruxeval,easy,1,0,0,0,0,0,0,1,0
/home/changshu/Benchmark/dataset/cruxeval/code/sample_254.py,cruxeval,easy,1,0,0,0,0,0,0,1,0
/home/changshu/Benchmark/dataset/cruxeval/code/sample_341.py,cruxeval,easy,2,1,0,0,0,0,0,0,0
/home/changshu/Benchmark/dataset/cruxeval/code/sample_380.py,cruxeval,easy,1,0,0,0,0,0,0,1,0
/home/changshu/Benchmark/dataset/cruxeval/code/sample_664.py,cruxeval,easy,2,0,0,0,0,0,0,2,0
/home/changshu/Benchmark/dataset/cruxeval/code/sample_711.py,cruxeval,easy,1,0,0,0,0,0,0,0,0
/home/changshu/Benchmark/dataset/cruxeval/code/sample_409.py,cruxeval,easy,2,0,0,0,0,0,0,1,0
/home/changshu/Benchmark/dataset/cruxeval/code/sample_646.py,cruxeval,easy,2,0,0,0,0,0,0,2,0
/home/changshu/Benchmark/dataset/cruxeval/code/sample_548.py,cruxeval,easy,2,1,0,0,0,0,0,0,0
/home/changshu/Benchmark/dataset/cruxeval/code/sample_512.py,cruxeval,easy,1,0,0,0,0,0,0,0,0
/home/changshu/Benchmark/dataset/cruxeval/code/sample_65.py,cruxeval,easy,1,0,0,0,0,0,0,0,0
/home/changshu/Benchmark/dataset/cruxeval/code/sample_796.py,cruxeval,easy,2,0,0,0,0,0,0,0,0
/home/changshu/Benchmark/dataset/cruxeval/code/sample_209.py,cruxeval,easy,1,0,0,0,0,0,0,0,0
/home/changshu/Benchmark/dataset/cruxeval/code/sample_440.py,cruxeval,easy,2,0,0,0,0,0,0,0,0
/home/changshu/Benchmark/dataset/cruxeval/code/sample_286.py,cruxeval,easy,2,1,0,0,0,0,0,1,0
/home/changshu/Benchmark/dataset/cruxeval/code/sample_352.py,cruxeval,easy,1,0,0,0,0,0,0,0,0
/home/changshu/Benchmark/dataset/cruxeval/code/sample_6.py,cruxeval,easy,2,0,0,2,0,0,0,2,0
/home/changshu/Benchmark/dataset/cruxeval/code/sample_744.py,cruxeval,easy,1,0,0,0,0,0,0,1,0
/home/changshu/Benchmark/dataset/cruxeval/code/sample_701.py,cruxeval,easy,2,0,0,0,0,0,0,2,0
/home/changshu/Benchmark/dataset/cruxeval/code/sample_20.py,cruxeval,easy,2,3,0,0,0,0,0,2,0
/home/changshu/Benchmark/dataset/cruxeval/code/sample_791.py,cruxeval,easy,2,1,0,0,0,0,0,2,0
/home/changshu/Benchmark/dataset/cruxeval/code/sample_282.py,cruxeval,easy,2,1,0,0,0,0,0,2,0
/home/changshu/Benchmark/dataset/cruxeval/code/sample_314.py,cruxeval,easy,2,1,0,0,0,0,0,3,0
/home/changshu/Benchmark/dataset/cruxeval/code/sample_693.py,cruxeval,easy,1,0,0,0,0,0,0,1,0
/home/changshu/Benchmark/dataset/cruxeval/code/sample_83.py,cruxeval,easy,2,1,0,0,0,0,0,1,0
/home/changshu/Benchmark/dataset/cruxeval/code/sample_118.py,cruxeval,easy,2,0,0,0,0,0,0,4,0
/home/changshu/Benchmark/dataset/cruxeval/code/sample_184.py,cruxeval,easy,3,1,0,0,0,0,0,1,0
/home/changshu/Benchmark/dataset/cruxeval/code/sample_349.py,cruxeval,easy,1,0,0,0,0,0,0,2,0
/home/changshu/Benchmark/dataset/cruxeval/code/sample_466.py,cruxeval,easy,2,1,0,0,0,0,0,2,0
/home/changshu/Benchmark/dataset/cruxeval/code/sample_419.py,cruxeval,easy,2,1,0,0,0,0,0,0,0
/home/changshu/Benchmark/dataset/cruxeval/code/sample_661.py,cruxeval,easy,1,0,0,0,0,0,0,0,0
/home/changshu/Benchmark/dataset/cruxeval/code/sample_47.py,cruxeval,easy,2,1,0,0,0,0,0,3,0
/home/changshu/Benchmark/dataset/cruxeval/code/sample_411.py,cruxeval,easy,2,0,0,1,0,0,0,1,0
/home/changshu/Benchmark/dataset/cruxeval/code/sample_462.py,cruxeval,easy,2,1,0,0,0,0,0,3,0
/home/changshu/Benchmark/dataset/cruxeval/code/sample_417.py,cruxeval,easy,1,0,0,0,0,0,0,0,0
/home/changshu/Benchmark/dataset/cruxeval/code/sample_105.py,cruxeval,easy,2,1,0,0,0,0,0,0,0
/home/changshu/Benchmark/dataset/cruxeval/code/sample_595.py,cruxeval,easy,2,0,0,0,0,0,0,1,0
/home/changshu/Benchmark/dataset/cruxeval/code/sample_421.py,cruxeval,easy,2,1,0,0,0,0,0,0,0
/home/changshu/Benchmark/dataset/cruxeval/code/sample_109.py,cruxeval,easy,1,0,0,0,0,0,0,0,0
/home/changshu/Benchmark/dataset/cruxeval/code/sample_584.py,cruxeval,easy,1,0,0,0,0,0,0,0,0
/home/changshu/Benchmark/dataset/cruxeval/code/sample_147.py,cruxeval,easy,1,0,0,0,0,0,0,1,0
/home/changshu/Benchmark/dataset/cruxeval/code/sample_49.py,cruxeval,easy,2,0,0,1,0,0,0,1,0
/home/changshu/Benchmark/dataset/cruxeval/code/sample_673.py,cruxeval,easy,3,0,0,0,0,0,0,0,0
/home/changshu/Benchmark/dataset/cruxeval/code/sample_764.py,cruxeval,easy,2,1,0,0,0,0,0,2,0
/home/changshu/Benchmark/dataset/cruxeval/code/sample_748.py,cruxeval,easy,1,0,0,0,0,0,0,1,0
/home/changshu/Benchmark/dataset/cruxeval/code/sample_738.py,cruxeval,easy,2,0,0,0,0,0,0,2,0
/home/changshu/Benchmark/dataset/cruxeval/code/sample_465.py,cruxeval,easy,2,0,0,1,0,0,0,2,0
/home/changshu/Benchmark/dataset/cruxeval/code/sample_180.py,cruxeval,easy,2,1,0,0,0,0,0,2,0
/home/changshu/Benchmark/dataset/cruxeval/code/sample_392.py,cruxeval,easy,2,1,0,0,0,0,0,0,0
/home/changshu/Benchmark/dataset/cruxeval/code/sample_718.py,cruxeval,easy,2,0,0,0,0,0,0,3,0
/home/changshu/Benchmark/dataset/cruxeval/code/sample_775.py,cruxeval,easy,2,1,0,0,0,0,0,2,0
/home/changshu/Benchmark/dataset/cruxeval/code/sample_710.py,cruxeval,easy,1,0,0,1,0,0,0,0,1
/home/changshu/Benchmark/dataset/cruxeval/code/sample_495.py,cruxeval,easy,3,1,0,0,0,0,0,0,0
/home/changshu/Benchmark/dataset/cruxeval/code/sample_29.py,cruxeval,easy,1,0,0,0,0,0,0,1,0
/home/changshu/Benchmark/dataset/cruxeval/code/sample_561.py,cruxeval,easy,1,0,0,0,0,0,0,1,0
/home/changshu/Benchmark/dataset/cruxeval/code/sample_475.py,cruxeval,easy,2,1,0,0,0,0,0,1,0
/home/changshu/Benchmark/dataset/cruxeval/code/sample_279.py,cruxeval,easy,2,1,0,0,0,0,0,4,0
/home/changshu/Benchmark/dataset/cruxeval/code/sample_283.py,cruxeval,easy,2,1,0,0,0,0,0,1,0
/home/changshu/Benchmark/dataset/cruxeval/code/sample_334.py,cruxeval,easy,1,0,0,0,0,0,0,0,0
/home/changshu/Benchmark/dataset/cruxeval/code/sample_161.py,cruxeval,easy,1,0,0,0,0,0,0,3,0
/home/changshu/Benchmark/dataset/HumanEval/code/HumanEval_42.py,humaneval,easy,1,0,0,1,0,0,0,1,1
/home/changshu/Benchmark/dataset/HumanEval/code/HumanEval_77.py,humaneval,easy,1,0,0,0,0,0,0,1,0
/home/changshu/Benchmark/dataset/HumanEval/code/HumanEval_13.py,humaneval,easy,2,0,0,0,0,0,0,2,0
/home/changshu/Benchmark/dataset/HumanEval/code/HumanEval_88.py,humaneval,easy,1,0,0,1,0,0,0,0,1
/home/changshu/Benchmark/dataset/HumanEval/code/HumanEval_2.py,humaneval,easy,1,0,0,0,0,0,0,0,0
/home/changshu/Benchmark/dataset/HumanEval/code/HumanEval_50.py,humaneval,easy,2,0,0,2,0,0,0,1,2
/home/changshu/Benchmark/dataset/HumanEval/code/HumanEval_49.py,humaneval,easy,2,0,0,0,0,0,0,2,0
/home/changshu/Benchmark/dataset/HumanEval/code/HumanEval_16.py,humaneval,easy,1,0,0,0,0,0,0,0,0
/home/changshu/Benchmark/dataset/HumanEval/code/HumanEval_144.py,humaneval,easy,2,1,0,0,0,0,0,6,0
/home/changshu/Benchmark/dataset/HumanEval/code/HumanEval_34.py,humaneval,easy,1,0,0,0,0,0,0,0,0
/home/changshu/Benchmark/dataset/HumanEval/code/HumanEval_116.py,humaneval,easy,1,0,0,2,0,0,0,0,0
/home/changshu/Benchmark/dataset/HumanEval/code/HumanEval_157.py,humaneval,easy,1,0,0,0,0,0,0,0,0
/home/changshu/Benchmark/dataset/HumanEval/code/HumanEval_139.py,humaneval,easy,2,1,0,0,0,0,0,3,0
/home/changshu/Benchmark/dataset/HumanEval/code/HumanEval_160.py,humaneval,easy,2,0,0,0,0,0,0,3,0
/home/changshu/Benchmark/dataset/HumanEval/code/HumanEval_158.py,humaneval,easy,1,0,0,2,0,0,0,0,0
/home/changshu/Benchmark/dataset/HumanEval/code/HumanEval_53.py,humaneval,easy,1,0,0,0,0,0,0,0,0
/home/changshu/Benchmark/dataset/HumanEval/code/HumanEval_57.py,humaneval,easy,2,1,0,0,0,0,0,0,0
/home/changshu/Benchmark/dataset/HumanEval/code/HumanEval_29.py,humaneval,easy,1,0,0,1,0,0,0,1,1
/home/changshu/Benchmark/dataset/HumanEval/code/HumanEval_162.py,humaneval,easy,1,0,0,0,1,0,0,0,0
/home/changshu/Benchmark/dataset/HumanEval/code/HumanEval_134.py,humaneval,easy,1,0,0,0,0,0,0,1,0
/home/changshu/Benchmark/dataset/HumanEval/code/HumanEval_45.py,humaneval,easy,1,0,0,0,0,0,0,0,0
/home/changshu/Benchmark/dataset/HumanEval/code/HumanEval_122.py,humaneval,easy,1,1,0,1,0,0,0,1,0
/home/changshu/Benchmark/dataset/HumanEval/code/HumanEval_138.py,humaneval,easy,1,0,0,0,0,0,0,0,0
/home/changshu/Benchmark/dataset/HumanEval/code/HumanEval_23.py,humaneval,easy,1,0,0,0,0,0,0,0,0
/home/changshu/Benchmark/dataset/HumanEval/code/HumanEval_28.py,humaneval,easy,1,0,0,0,0,0,0,0,0
/home/changshu/Benchmark/dataset/HumanEval/code/HumanEval_97.py,humaneval,easy,1,0,0,0,0,0,0,0,0
/home/changshu/Benchmark/dataset/HumanEval/code/HumanEval_41.py,humaneval,easy,1,0,0,0,0,0,0,0,0
/home/changshu/Benchmark/dataset/HumanEval/code/HumanEval_4.py,humaneval,easy,1,0,0,1,0,0,0,2,0
/home/changshu/Benchmark/dataset/HumanEval/code/HumanEval_33.py,humaneval,easy,1,0,0,0,0,0,0,1,0
/home/changshu/Benchmark/dataset/HumanEval/code/HumanEval_27.py,humaneval,easy,1,0,0,0,0,0,0,0,0
/home/changshu/Benchmark/dataset/HumanEval/code/HumanEval_71.py,humaneval,easy,2,1,0,0,0,0,0,2,0
/home/changshu/Benchmark/dataset/HumanEval/code/HumanEval_66.py,humaneval,easy,2,1,0,1,0,0,0,1,0
/home/changshu/Benchmark/dataset/HumanEval/code/HumanEval_90.py,humaneval,easy,1,0,0,0,0,0,0,1,0
/home/changshu/Benchmark/dataset/HumanEval/code/HumanEval_100.py,humaneval,easy,1,0,0,1,0,0,0,1,1
/home/changshu/Benchmark/dataset/HumanEval/code/HumanEval_44.py,humaneval,easy,2,1,0,0,0,0,0,2,0
/home/changshu/Benchmark/dataset/HumanEval/code/HumanEval_54.py,humaneval,easy,1,0,0,0,0,0,0,0,0
/home/changshu/Benchmark/dataset/HumanEval/code/HumanEval_79.py,humaneval,easy,1,0,0,0,0,0,0,0,0
/home/changshu/Benchmark/dataset/HumanEval/code/HumanEval_83.py,humaneval,easy,2,1,0,0,0,0,0,0,0
/home/changshu/Benchmark/dataset/HumanEval/code/HumanEval_84.py,humaneval,easy,1,0,0,1,0,0,0,1,0
/home/changshu/Benchmark/dataset/HumanEval/code/HumanEval_60.py,humaneval,easy,1,1,0,0,0,0,0,0,0
/home/changshu/Benchmark/dataset/HumanEval/code/HumanEval_102.py,humaneval,easy,4,3,0,0,0,0,0,0,0
/home/changshu/Benchmark/dataset/HumanEval/code/HumanEval_86.py,humaneval,easy,1,0,0,1,0,0,0,1,1
/home/changshu/Benchmark/dataset/HumanEval/code/HumanEval_76.py,humaneval,easy,3,2,0,0,0,0,0,1,0
/home/changshu/Benchmark/dataset/HumanEval/code/HumanEval_22.py,humaneval,easy,1,0,0,1,0,0,0,1,1
/home/changshu/Benchmark/dataset/HumanEval/code/HumanEval_47.py,humaneval,easy,2,1,0,0,0,0,0,1,0
/home/changshu/Benchmark/dataset/HumanEval/code/HumanEval_65.py,humaneval,easy,2,1,0,0,0,0,0,1,0
/home/changshu/Benchmark/dataset/HumanEval/code/HumanEval_133.py,humaneval,easy,2,0,0,0,1,0,0,2,0
/home/changshu/Benchmark/dataset/HumanEval/code/HumanEval_8.py,humaneval,easy,2,0,0,0,0,0,0,3,0
